Título,Data,Cartaz,Total Global participantes,Área da atividade,Projeto,Subprojeto,Formato,Foco de atuação,Atividade Formativa?,Modalidade,Instrutor / Oficineiro / Artista,Papel / Função da AAB,Outras instituições envolvidas na atividade,Mês
METADIÁRIO (Exposição),07/01/2025,Reserved_ImageAttachment_[6]_[Cartaz][37]_[WhatsApp Image 2025-01-31 at 12.04.55][1]_[1].jpeg,74,"[""Artes Visuais""]",Termo de Fomento 2019,Não se aplica,Visita,Arte e Cultura,Falso,Presencial,"[""Não se Aplica""]",Gestora,"[""FCCR"",""Prefeitura SJC""]",janeiro
Pincelando Histórias,08/01/2025,Reserved_ImageAttachment_[6]_[Cartaz][1]_[1][1]_[1].png,2,"[""Artes Visuais"",""Artes Plásticas""]",Voluntariado,Não se aplica,Oficina,Arte e Cultura,Falso,Presencial,"[""Selma Aparecida""]",Gestora,"[""FCCR"",""Prefeitura SJC""]",janeiro
Programação,14/01/2025,Reserved_ImageAttachment_[6]_[Cartaz][11]_[Programação][1]_[1].jpg,1,"[""Tecnologia""]",Voluntariado,Não se aplica,Oficina,Inclusão digital,Falso,Presencial,"[""Felipe Vieira""]",Gestora,"[""FCCR"",""Prefeitura SJC""]",janeiro
Pincelando Histórias,15/01/2025,Reserved_ImageAttachment_[6]_[Cartaz][1]_[1][1]_[1].png,4,"[""Artes Visuais"",""Artes Plásticas""]",Voluntariado,Não se aplica,Oficina,Arte e Cultura,Falso,Presencial,"[""Selma Aparecida""]",Gestora,"[""FCCR"",""Prefeitura SJC""]",janeiro
Bordado(Oficina de Férias),16/01/2025,Reserved_ImageAttachment_[6]_[Cartaz][10]_[Of. Férias][1]_[1].jpeg,5,"[""Memórias""]",Termo de Fomento 2019,Arte nos Bairros,Oficina,Arte e Cultura,Falso,Presencial,"[""Raquel Wohnrath""]",Gestora,"[""FCCR"",""Prefeitura SJC""]",janeiro
Arte de Brincar (Oficina de Férias),17/01/2025,Reserved_ImageAttachment_[6]_[Cartaz][10]_[Of. Férias][1]_[1].jpeg,6,"[""Cultura da Infância""]",Termo de Fomento 2019,Arte nos Bairros,Oficina,Arte e Cultura,Falso,Presencial,"[""Kallu Whitaker""]",Gestora,"[""FCCR"",""Prefeitura SJC""]",janeiro
Upcycling(Oficina de Férias),21/01/2025,Reserved_ImageAttachment_[6]_[Cartaz][10]_[Of. Férias][1]_[1].jpeg,7,"[""Economia Criativa""]",Termo de Fomento 2019,Arte nos Bairros,Oficina,Ambiental,Falso,Presencial,"[""Misae Odo""]",Gestora,"[""FCCR"",""Prefeitura SJC""]",janeiro
Elaboração Corporal,22/01/2025,Reserved_ImageAttachment_[6]_[Cartaz][19]_[Elaboração Corporal][1]_[1].png,3,"[""Saúde Física""]",Voluntariado,Não se aplica,Oficina,Saúde Física e Bem estar,Falso,Presencial,"[""Selma Aparecida""]",Gestora,"[""FCCR"",""Prefeitura SJC""]",janeiro
Pincelando Histórias,22/01/2025,Reserved_ImageAttachment_[6]_[Cartaz][1]_[1][1]_[1].png,2,"[""Artes Visuais"",""Artes Plásticas""]",Voluntariado,Não se aplica,Oficina,Arte e Cultura,Falso,Presencial,"[""Selma Aparecida""]",Gestora,"[""FCCR"",""Prefeitura SJC""]",janeiro
Tear,22/01/2025,Reserved_ImageAttachment_[6]_[Cartaz][4]_[Tear][1]_[1].jpeg,6,"[""Artes Visuais"",""Artesanato""]",Voluntariado,Não se aplica,Oficina,Arte e Cultura,Falso,Presencial,"[""Márcia Tamer""]",Gestora,"[""FCCR"",""Prefeitura SJC""]",janeiro
Bordado(Oficina de Férias),23/01/2025,Reserved_ImageAttachment_[6]_[Cartaz][10]_[Of. Férias][1]_[1].jpeg,7,"[""Memórias""]",Termo de Fomento 2019,Arte nos Bairros,Oficina,Arte e Cultura,Falso,Presencial,"[""Raquel wohnrath""]",Gestora,"[""FCCR"",""Prefeitura SJC""]",janeiro
Alumia (Mural Animado),24/01/2025,Reserved_ImageAttachment_[6]_[Cartaz][37]_[WhatsApp Image 2025-01-31 at 11.57.22][1]_[1].jpeg,80,"[""Artes Digitais""]",Termo de Fomento 2019,Lei Paulo Gustavo,Vivência,Arte e Cultura,Falso,Presencial,"[""Não se Aplica""]",Gestora,"[""FCCR"",""Prefeitura SJC""]",janeiro
Arte de Brincar (Oficina de férias),24/01/2025,Reserved_ImageAttachment_[6]_[Cartaz][10]_[Of. Férias][1]_[1].jpeg,9,"[""Cultura da Infância""]",Termo de Fomento 2019,Arte nos Bairros,Oficina,Arte e Cultura,Falso,Presencial,"[""Kallu Whitaker""]",Gestora,"[""FCCR"",""Prefeitura SJC""]",janeiro
Danilo e João Ricardo (Pj Circulação),24/01/2025,Reserved_ImageAttachment_[6]_[Cartaz][32]_[dab5abdc188b49249fd5253f66460b0f][1]_[7].jpeg,400,"[""Música""]",Termo de Fomento 2019,Circulação,Encontro,Arte e Cultura,Falso,Presencial,"[""Não se Aplica""]",Gestora,"[""FCCR"",""Prefeitura SJC""]",janeiro
Semeando Violas,24/01/2025,Reserved_ImageAttachment_[6]_[Cartaz][37]_[WhatsApp Image 2025-01-31 at 11.38.57][1]_[1].jpeg,180,"[""Música""]",Termo de Fomento 2019,Não se aplica,Encontro,Arte e Cultura,Falso,Presencial,"[""Não se Aplica""]",Gestora,"[""FCCR"",""Prefeitura SJC""]",janeiro
Programação,28/01/2025,Reserved_ImageAttachment_[6]_[Cartaz][11]_[Programação][1]_[1].jpg,1,"[""Tecnologia""]",Voluntariado,Não se aplica,Oficina,Inclusão digital,Falso,Presencial,"[""Felipe Vieira""]",Gestora,"[""FCCR"",""Prefeitura SJC""]",janeiro
Elaboração Corporal,29/01/2025,Reserved_ImageAttachment_[6]_[Cartaz][19]_[Elaboração Corporal][1]_[1].png,7,"[""Saúde Física""]",Voluntariado,Não se aplica,Oficina,Saúde Física e Bem estar,Falso,Presencial,"[""Selma Aparecida""]",Gestora,"[""FCCR"",""Prefeitura SJC""]",janeiro
Pincelando Histórias,29/01/2025,Reserved_ImageAttachment_[6]_[Cartaz][1]_[1][1]_[1].png,2,"[""Artes Visuais"",""Artes Plásticas""]",Voluntariado,Não se aplica,Oficina,Arte e Cultura,Falso,Presencial,"[""Selma Aparecida""]",Gestora,"[""FCCR"",""Prefeitura SJC""]",janeiro
Tear,29/01/2025,Reserved_ImageAttachment_[6]_[Cartaz][4]_[Tear][1]_[1].jpeg,6,"[""Artes Visuais"",""Artesanato""]",Voluntariado,Não se aplica,Oficina,Arte e Cultura,Falso,Presencial,"[""Márcia Tamer""]",Gestora,"[""FCCR"",""Prefeitura SJC""]",janeiro
Bordado (Oficina de Férias),30/01/2025,Reserved_ImageAttachment_[6]_[Cartaz][10]_[Of. Férias][1]_[1].jpeg,6,"[""Memórias""]",Termo de Fomento 2019,Arte nos Bairros,Oficina,Arte e Cultura,Falso,Presencial,"[""Raquel Wohnrath""]",Gestora,"[""FCCR"",""Prefeitura SJC""]",janeiro
Costuras Poéticas (Oficina de Férias),30/01/2025,Reserved_ImageAttachment_[6]_[Cartaz][10]_[Of. Férias][1]_[1].jpeg,2,"[""Memórias""]",Termo de Fomento 2019,Arte nos Bairros,Oficina,Arte e Cultura,Falso,Presencial,"[""Juliana Strzygowski""]",Gestora,"[""FCCR"",""Prefeitura SJC""]",janeiro
Arte de Brincar (Oficina de Férias),31/01/2025,Reserved_ImageAttachment_[6]_[Cartaz][10]_[Of. Férias][1]_[1].jpeg,6,"[""Cultura da Infância""]",Termo de Fomento 2019,Arte nos Bairros,Oficina,Arte e Cultura,Falso,Presencial,"[""Kallu Whitaker""]",Gestora,"[""FCCR"",""Prefeitura SJC""]",janeiro
Programação,04/02/2025,Reserved_ImageAttachment_[6]_[Cartaz][32]_[b6f6f6ba788e44ac850a945281d5bf86][1]_[1].jpg,1,"[""Tecnologia""]",Voluntariado,Não se aplica,Oficina,Inclusão digital,Falso,Presencial,"[""Felipe Vieira""]",Gestora,"[""FCCR"",""Prefeitura SJC""]",fevereiro
Upcycling/reutilização(Oficina de Férias),04/02/2025,Reserved_ImageAttachment_[6]_[Cartaz][32]_[74c8048f293b43d1a01314e45f8946e8][1]_[1].jpeg,4,"[""Educação Ambiental"",""Artes Visuais""]",Termo de Fomento 2019,Arte nos Bairros,Vivência,Arte e Cultura,Falso,Presencial,"[""Misae Odo""]",Gestora,"[""FCCR"",""Prefeitura SJC""]",fevereiro
Elaboração Corporal,05/02/2025,Reserved_ImageAttachment_[6]_[Cartaz][32]_[7b7b1f8569dc4123ae46a47d8d885af0][1]_[1].png,5,"[""Saúde Física""]",Voluntariado,Não se aplica,Oficina,Saúde Física e Bem estar,Falso,Presencial,"[""Selma Aparecida""]",Gestora,"[""FCCR"",""Prefeitura SJC""]",fevereiro
Bordado ( Oficina de férias),06/02/2025,Reserved_ImageAttachment_[6]_[Cartaz][10]_[Of. Férias][1]_[1].jpeg,3,"[""Memórias""]",Termo de Fomento 2019,Arte nos Bairros,Oficina,Arte e Cultura,Falso,Presencial,"[""Raquel Wohnrath""]",Gestora,"[""FCCR"",""Prefeitura SJC""]",fevereiro
Costuras Poéticas(Oficina  de férias),06/02/2025,Reserved_ImageAttachment_[6]_[Cartaz][10]_[Of. Férias][1]_[1].jpeg,7,"[""Memórias""]",Termo de Fomento 2019,Arte nos Bairros,Oficina,Arte e Cultura,Falso,Presencial,"[""Juliana Strzygowski""]",Gestora,"[""FCCR"",""Prefeitura SJC""]",fevereiro
Arte de Brincar (Oficina de Férias),07/02/2025,Reserved_ImageAttachment_[6]_[Cartaz][32]_[1f46aeac27e04efc8e59f2aa790cb78d][1]_[1].jpeg,4,"[""Cultura infantil""]",Termo de Fomento 2019,Arte nos Bairros,Oficina,Arte e Cultura,Falso,Presencial,"[""Kallu Whitaker""]",Gestora,"[""FCCR"",""Prefeitura SJC""]",fevereiro
Upcycling/Reutilização( Oficina de Férias),11/02/2025,Reserved_ImageAttachment_[6]_[Cartaz][32]_[782cbfba8b7542edb58c6c6f0cda90e6][1]_[1].jpeg,6,"[""Educação Ambiental"",""Artes Visuais""]",Termo de Fomento 2019,Arte nos Bairros,Vivência,Arte e Cultura,Falso,Presencial,"[""Misae Odo""]",Gestora,"[""FCCR"",""Prefeitura SJC""]",fevereiro
Tear,12/02/2025,Reserved_ImageAttachment_[6]_[Cartaz][32]_[5c0aa269789a49debd60866cbdf52f3b][1]_[1].jpeg,6,"[""Artes Visuais"",""Artesanato""]",Voluntariado,Não se aplica,Oficina,Arte e Cultura,Falso,Presencial,"[""Márcia Tamer""]",Gestora,"[""FCCR"",""Prefeitura SJC""]",fevereiro
Bordado(Oficina de Férias),13/02/2025,Reserved_ImageAttachment_[6]_[Cartaz][32]_[92467f1b009e4ba788c0e7d71f151b91][1]_[1].jpeg,5,"[""Artes Visuais""]",Termo de Fomento 2019,Arte nos Bairros,Vivência,Arte e Cultura,Falso,Presencial,"[""Raquel Whonrath""]",Gestora,"[""FCCR"",""Prefeitura SJC""]",fevereiro
Costuras Poéticas( Oficina de Férias),13/02/2025,Reserved_ImageAttachment_[6]_[Cartaz][32]_[5dfc9fccb1214d90991b868e6a510e2f][1]_[1].jpeg,4,"[""Artes Visuais""]",Termo de Fomento 2019,Arte nos Bairros,Vivência,Arte e Cultura,Falso,Presencial,"[""Juliana Strzygowski""]",Gestora,"[""FCCR"",""Prefeitura SJC""]",fevereiro
Arte de Brincar( Oficina de Férias),14/02/2025,Reserved_ImageAttachment_[6]_[Cartaz][32]_[1ef0c3d4f5fe401ebd0151737e606256][1]_[1].jpeg,7,"[""Cultura da Infância""]",Termo de Fomento 2019,Arte nos Bairros,Vivência,Arte e Cultura,Falso,Presencial,"[""Kallu Whitaker""]",Gestora,"[""FCCR"",""Prefeitura SJC""]",fevereiro
Chove Chuva,17/02/2025,Reserved_ImageAttachment_[6]_[Cartaz][32]_[ee79ae9287cd4984a8c2a70eed681728][1]_[1].jpeg,226,"[""Fotografia""]",Termo de Fomento 2019,Não se aplica,Workshop,Arte e Cultura,Falso,Presencial,"[""Não se Aplica""]",Gestora,"[""FCCR"",""Prefeitura SJC""]",fevereiro
Programação,18/02/2025,Reserved_ImageAttachment_[6]_[Cartaz][32]_[807dedd3d29d4bbfa3031c7c991248b9][1]_[1].jpg,1,"[""Tecnologia""]",Voluntariado,Não se aplica,Oficina,Inclusão digital,Falso,Presencial,"[""Felipe Vieira""]",Gestora,"[""FCCR"",""Prefeitura SJC""]",fevereiro
Elaboração Corporal,19/02/2025,Reserved_ImageAttachment_[6]_[Cartaz][32]_[f0116fbdb2af46b3856d1d8043d2f914][1]_[1].png,5,"[""Saúde Física""]",Voluntariado,Não se aplica,Oficina,Saúde Física e Bem estar,Falso,Presencial,"[""Selma Aparecida""]",Gestora,"[""FCCR"",""Prefeitura SJC""]",fevereiro
Pincelando Histórias,19/02/2025,Reserved_ImageAttachment_[6]_[Cartaz][32]_[743b691e998346d398080c4494c906a9][1]_[1].png,2,"[""Artes Visuais"",""Artes Plásticas""]",Voluntariado,Não se aplica,Oficina,Arte e Cultura,Falso,Presencial,"[""Selma Aparecida""]",Gestora,"[""FCCR"",""Prefeitura SJC""]",fevereiro
Tear,19/02/2025,Reserved_ImageAttachment_[6]_[Cartaz][32]_[0f676fc80b674e56a681d4191863a508][1]_[1].jpeg,7,"[""Artes Visuais"",""Artesanato""]",Voluntariado,Não se aplica,Oficina,Arte e Cultura,Falso,Presencial,"[""Márcia Tamer""]",Gestora,"[""FCCR"",""Prefeitura SJC""]",fevereiro
Clube de Leitura,20/02/2025,Reserved_ImageAttachment_[6]_[Cartaz][32]_[b357befa290546cb9c230f954ac32c7c][1]_[1].jpeg,5,"[""Literatura""]",Termo de Fomento 2019,Não se aplica,Encontro,Incentivo à Leitura,Falso,Presencial,"[""Hellen Santos""]",Gestora,"[""FCCR"",""Prefeitura SJC""]",fevereiro
Costuras Poéticas( Oficina de Férias),20/02/2025,Reserved_ImageAttachment_[6]_[Cartaz][32]_[71ab7cf07051460abe205b2d606dd850][1]_[1].jpeg,4,"[""Artes Visuais""]",Termo de Fomento 2019,Arte nos Bairros,Vivência,Arte e Cultura,Falso,Presencial,"[""Juliana Strzygowski""]",Gestora,"[""FCCR"",""Prefeitura SJC""]",fevereiro
Brincando com as Aves,25/02/2025,Reserved_ImageAttachment_[6]_[Cartaz][32]_[616da542f50b45feb66fb7056b183110][1]_[1].jpeg,50,"[""Educação Ambiental""]",Salas Verdes,Não se aplica,Oficina,Ambiental,Falso,Presencial,"[""Grabriela França"",""Paula Aparecida Souza""]",Gestora,"[""FCCR"",""Prefeitura SJC""]",fevereiro
Programação,25/02/2025,Reserved_ImageAttachment_[6]_[Cartaz][32]_[4143f2d23c10448c98bc7e6a1631c31f][1]_[1].jpg,1,"[""Tecnologia""]",Voluntariado,Não se aplica,Oficina,Inclusão digital,Falso,Presencial,"[""Felipe Vieira""]",Gestora,"[""FCCR"",""Prefeitura SJC""]",fevereiro
Elaboração Corporal,26/02/2025,Reserved_ImageAttachment_[6]_[Cartaz][32]_[31088d114094499ebc84016d269ad723][1]_[1].png,3,"[""Saúde Física""]",Voluntariado,Não se aplica,Oficina,Saúde Física e Bem estar,Falso,Presencial,"[""Selma Aparecida""]",Gestora,"[""FCCR"",""Prefeitura SJC""]",fevereiro
Tear,26/02/2025,Reserved_ImageAttachment_[6]_[Cartaz][32]_[5568248b422d4f99a86a7e34e9571f07][1]_[1].jpeg,6,"[""Artes Visuais"",""Artesanato""]",Voluntariado,Não se aplica,Oficina,Arte e Cultura,Falso,Presencial,"[""Márcia Tamer""]",Gestora,"[""FCCR"",""Prefeitura SJC""]",fevereiro
Brincadeiras Infantis,01/03/2025,Reserved_ImageAttachment_[6]_[Cartaz][32]_[91787944dabc406ba6641290a55ed622][1]_[1].jpeg,13,"[""Cultura da Infância""]",Termo de Fomento 2019,Artes Nos Bairros,Vivência,Arte e Cultura,Falso,Presencial,"[""Miguel Safe""]",Gestora,"[""FCCR"",""Prefeitura SJC""]",março
Costuras Poéticas,01/03/2025,Reserved_ImageAttachment_[6]_[Cartaz][32]_[7c809e69b4274d2db199e79bfc771cab][1]_[1].jpeg,15,"[""Artes Visuais""]",Termo de Fomento 2019,Arte Nos Bairros,Vivência,Arte e Cultura,Falso,Presencial,"[""Juliana M. Strzygowski""]",Gestora,"[""FCCR"",""Prefeitura SJC""]",março
Coletivo de Mulheres que leem Mulheres,07/03/2025,Reserved_ImageAttachment_[6]_[Cartaz][32]_[c3739d81b9944a4f99bac5762c3f0de5][1]_[1].jpeg,2,"[""Literatura""]",Conexão Comunitária,Não se aplica,Encontro,Arte e Cultura,Falso,Presencial,"[""Não se Aplica""]",Gestora,"[""FCCR"",""Prefeitura SJC""]",março
Dança para Mulheres,08/03/2025,Reserved_ImageAttachment_[6]_[Cartaz][32]_[950de8553e0841ee84ee3f855cd3b387][1]_[1].jpeg,7,"[""Dança""]",Termo de Fomento 2019,Não se aplica,Vivência,Arte e Cultura,Falso,Presencial,"[""Ellen Silvestre""]",Gestora,"[""FCCR"",""Prefeitura SJC""]",março
DUA,08/03/2025,Reserved_ImageAttachment_[6]_[Cartaz][32]_[13857be98c494bbfa47af45c6e9be1e8][1]_[1].jpeg,98,"[""Música""]",Termo de Fomento 2019,Circulação,Encontro,Arte e Cultura,Falso,Presencial,"[""NÃO SE APLICA""]",Gestora,"[""FCCR"",""Prefeitura SJC""]",março
Exibição de Documentário Mulheres na Conservação: Mulheres que Conectam Natureza e Ciência,08/03/2025,Reserved_ImageAttachment_[6]_[Cartaz][32]_[fe683ac071bd4505a044a5d2cf817de1][1]_[1].jpg,38,"[""Educação Ambiental""]",Salas Verdes,Não se aplica,Vivência,Ambiental,Falso,Presencial,"[""Gabriela França"",""Fernanda Barros ""]",Gestora,"[""FCCR"",""Prefeitura SJC""]",março
"Exposição: Ave Marias, Cheias de Arte",08/03/2025,Reserved_ImageAttachment_[6]_[Cartaz][32]_[2aedc5e9970e4586bbd86b69467eaa00][1]_[1].jpg,159,"[""Artes Visuais""]",Termo de Fomento 2019,Não se aplica,Visita,Arte e Cultura,Falso,Presencial,"[""Não se Aplica""]",Gestora,"[""Prefeitura SJC"",""FCCR""]",março
Elaboração Corporal,12/03/2025,Reserved_ImageAttachment_[6]_[Cartaz][32]_[0d817d7961574a0dbeed5e64b9568180][1]_[1].png,6,"[""Saúde Física""]",Voluntariado,Não se aplica,Oficina,Saúde Física e Bem estar,Falso,Presencial,"[""Selma Aparecida""]",Gestora,"[""FCCR"",""Prefeitura SJC""]",março
Tear,12/03/2025,Reserved_ImageAttachment_[6]_[Cartaz][32]_[beb9f73eff67416594e55b8ff695acd7][1]_[1].jpeg,4,"[""Artes Visuais"",""Artesanato""]",Voluntariado,Não se aplica,Oficina,Arte e Cultura,Falso,Presencial,"[""Márcia Tamer""]",Gestora,"[""FCCR"",""Prefeitura SJC""]",março
Comunicação Não Violenta,13/03/2025,Reserved_ImageAttachment_[6]_[Cartaz][32]_[abdefef40bf543fd8a26588ef17c8a40][1]_[1].jpeg,4,"[""Educação""]",Voluntariado,Não se aplica,Oficina,Desenvolvimento pessoal,Falso,Presencial,"[""Carina Grassetto""]",Gestora,"[""FCCR"",""Prefeitura SJC""]",março
Bordado,14/03/2025,Reserved_ImageAttachment_[6]_[Cartaz][32]_[e4879e762b8048c59e48c1e7a8d15e26][1]_[1].jpeg,5,"[""Artes Visuais""]",Termo de Fomento 2019,Arte nos Bairros,Vivência,Arte e Cultura,Falso,Presencial,"[""Raquel Wonhrath""]",Gestora,"[""FCCR"",""Prefeitura SJC""]",março
Cerâmica,14/03/2025,Reserved_ImageAttachment_[6]_[Cartaz][32]_[2e3cbe4daa124e5aafe856a156effaff][1]_[1].jpeg,5,"[""Artes Visuais""]",Termo de Fomento 2019,Arte nos Bairros,Oficina,Arte e Cultura,Falso,Presencial,"[""Misae Odo""]",Gestora,"[""FCCR"",""Prefeitura SJC""]",março
Meditação,15/03/2025,Reserved_ImageAttachment_[6]_[Cartaz][32]_[4f8e9d82e53548448445fc264ed7b70d][1]_[1].jpeg,3,"[""Saúde Física""]",Voluntariado,Não se aplica,Oficina,Saúde Física e Bem estar,Falso,Presencial,"[""Marly Andrade""]",Gestora,"[""FCCR"",""Prefeitura SJC""]",março
Palhaçaria,15/03/2025,Reserved_ImageAttachment_[6]_[Cartaz][32]_[49e66c62f7f44ba694fa3b873c2e9045][1]_[1].jpeg,3,"[""Artes Circences""]",Termo de Fomento 2019,Arte nos Bairros,Vivência,Arte e Cultura,Falso,Presencial,"[""Beatriz Rinaldini""]",Gestora,"[""FCCR"",""Prefeitura SJC""]",março
Palhaçaria,15/03/2025,Reserved_ImageAttachment_[6]_[Cartaz][32]_[6964d4fe439145d9a8fdfed3d3d09ac8][1]_[1].jpeg,9,"[""Artes Visuais""]",Termo de Fomento 2019,Arte nos Bairros,Vivência,Arte e Cultura,Falso,Presencial,"[""Miguel safe""]",Gestora,"[""FCCR"",""Prefeitura SJC""]",março
A maquiagem como ferramenta para a cena na comicidade,16/03/2025,Reserved_ImageAttachment_[6]_[Cartaz][32]_[e5f1070af88e449aa1d6407b8282ab89][1]_[1].jpg,13,"[""Teatro""]",Termo de Fomento 2019,Mostra Colibri de Artes 2025,Curso,Arte e Cultura,True,Presencial,"[""Johnny""]",Gestora,"[""FCCR"",""Prefeitura SJC"",""Projeto Colibri"",""Nucleo Educatho""]",março
Humor sem Fronteiras,16/03/2025,Reserved_ImageAttachment_[6]_[Cartaz][32]_[84e8c8308f5d4bfd8ff8b73a4056a547][1]_[1].jpg,18,"[""Teatro""]",Termo de Fomento 2019,Mostra Colibri de Artes 2025,Curso,Arte e Cultura,True,Presencial,"[""María Gavaldón""]",Gestora,"[""Projeto Colibri"",""Prefeitura SJC"",""FCCR"",""Nucleo Educatho""]",março
Bordado,18/03/2025,Reserved_ImageAttachment_[6]_[Cartaz][32]_[497bec1edca6426d93ed6f0b80593863][1]_[1].jpeg,6,"[""Artes Visuais""]",Termo de Fomento 2019,Arte nos Bairros,Oficina,Arte e Cultura,Falso,Presencial,"[""Raquel Wonhrath""]",Gestora,"[""FCCR"",""Prefeitura SJC""]",março
Palhaçaria - A mais humana das artes,18/03/2025,Reserved_ImageAttachment_[6]_[Cartaz][32]_[9b5c9a45e373480c8e306c7fa9c2e3d3][1]_[1].png,24,"[""Teatro""]",Termo de Fomento 2019,Mostra Colibri de Artes 2025,Curso,Arte e Cultura,True,Virtual,"[""Thiago Cardoso"",""Alberto Vizoso""]",Gestora,"[""FCCR"",""Prefeitura SJC"",""Projeto Colibri"",""Nucleo Educatho""]",março
Programação,18/03/2025,Reserved_ImageAttachment_[6]_[Cartaz][32]_[70b5f389a55945df8ad310fe311958d9][1]_[1].jpg,1,"[""Tecnologia""]",Voluntariado,Não se aplica,Oficina,Inclusão digital,Falso,Presencial,"[""Felipe Vieira""]",Gestora,"[""FCCR"",""Prefeitura SJC""]",março
Clube de Leitura,20/03/2025,Reserved_ImageAttachment_[6]_[Cartaz][32]_[9bb9c134fba3432bae917496649186b1][1]_[6].jpeg,8,"[""Literatura""]",Termo de Fomento 2019,Não se aplica,Encontro,Incentivo à Leitura,Falso,Presencial,"[""Hellen Santos""]",Gestora,"[""FCCR"",""Prefeitura SJC""]",março
Como Falhar em Público,20/03/2025,Reserved_ImageAttachment_[6]_[Cartaz][32]_[275ddc77e8cb4d2e8f70d48cf7351952][1]_[1].png,18,"[""Teatro""]",Termo de Fomento 2019,Mostra Colibri de Artes 2025,Curso,Arte e Cultura,True,Virtual,"[""Darlan Jr (Fileh)""]",Gestora,"[""FCCR"",""Prefeitura SJC"",""Projeto Colibri"",""Nucleo Educatho""]",março
Costuras poéticas,20/03/2025,Reserved_ImageAttachment_[6]_[Cartaz][32]_[915c1e975c6a4cfeb2545a28f6815cd9][1]_[1].jpeg,4,"[""Memórias""]",Termo de Fomento 2019,Arte nos Bairros,Oficina,Arte e Cultura,Falso,Presencial,"[""Juliana Strzygowski""]",GESTORA,"[""FCCR"",""Prefeitura SJC""]",março
Bordado,21/03/2025,Reserved_ImageAttachment_[6]_[Cartaz][32]_[ae833f76707248cd845a7d3e00269c8f][1]_[1].jpeg,7,"[""Memórias""]",Termo de Fomento 2019,Arte nos Bairros,Oficina,Arte e Cultura,Falso,Presencial,"[""Raquel wohnrath""]",Gestora,"[""FCCR"",""Prefeitura SJC""]",março
Cerâmica,21/03/2025,Reserved_ImageAttachment_[6]_[Cartaz][32]_[e5ffa387848d43c3b02a6a83936bb23b][1]_[1].jpeg,4,"[""Artes Visuais""]",Termo de Fomento 2019,Arte Nos Bairros,Oficina,Arte e Cultura,Falso,Presencial,"[""Misae Odo""]",Gestora,"[""FCCR"",""Prefeitura SJC""]",março
Coletivo de Mulheres que leem Mulheres,21/03/2025,Reserved_ImageAttachment_[6]_[Cartaz][32]_[0d23e18af0594d7eb0df97a57bd83364][1]_[1].jpeg,2,"[""Literatura""]",Conexão Comunitária,Não se aplica,Encontro,Arte e Cultura,Falso,Presencial,"[""Não se Aplica""]",Gestora,"[""Prefeitura SJC"",""FCCR""]",março
Upcycling/Reutilização,22/03/2025,Reserved_ImageAttachment_[6]_[Cartaz][32]_[a3b825314d9e4aafbb871446d16d2f14][1]_[1].jpeg,2,"[""Educação Ambiental""]",Termo de Fomento 2019,Arte nos Bairros,Oficina,Arte e Cultura,Falso,Presencial,"[""Beatriz Rinaldini""]",Gestora,"[""FCCR"",""Prefeitura SJC""]",março
Bordado,25/03/2025,Reserved_ImageAttachment_[6]_[Cartaz][32]_[7069236037d34acba2991efa7fa4d3f7][1]_[1].jpeg,7,"[""Artes Visuais""]",Termo de Fomento 2019,Artes Nos Bairros,Oficina,Arte e Cultura,Falso,Presencial,"[""Raquel Wohnrath""]",Gestora,"[""FCCR"",""Prefeitura SJC""]",março
Fundamentos do teatro cômico,25/03/2025,Reserved_ImageAttachment_[6]_[Cartaz][32]_[aa43f011b30549f485e8700e878f6df2][1]_[1].png,20,"[""Teatro""]",Termo de Fomento 2019,Mostra Colibri de Artes 2025,Curso,Arte e Cultura,True,Virtual,"[""Solange Dias""]",Gestora,"[""FCCR"",""Prefeitura SJC"",""Projeto Colibri"",""Nucleo Educatho""]",março
Programação,25/03/2025,Reserved_ImageAttachment_[6]_[Cartaz][32]_[c8446363bf5c4ae287d2fba772c86cf5][1]_[1].jpg,1,"[""Tecnologia""]",Voluntariado,Não se aplica,Oficina,Inclusão digital,Falso,Presencial,"[""Felipe Vieira""]",Gestora,"[""FCCR"",""Prefeitura SJC""]",março
Tear,26/03/2025,Reserved_ImageAttachment_[6]_[Cartaz][32]_[1669cfb6b4bc4b4b909c67796fb2a912][1]_[1].jpeg,6,"[""Artes Visuais"",""Artesanato""]",Voluntariado,Não se aplica,Oficina,Arte e Cultura,Falso,Presencial,"[""Márcia Tamer""]",Gestora,"[""FCCR"",""Prefeitura SJC""]",março
Costuras Poéticas,27/03/2025,Reserved_ImageAttachment_[6]_[Cartaz][32]_[5db11b201f5f477484fd5be0198175e9][1]_[1].jpeg,5,"[""Artes Visuais""]",Termo de Fomento 2019,Arte nos Bairros,Oficina,Arte e Cultura,Falso,Presencial,"[""Juliana M. Strzygowski""]",Gestora,"[""Prefeitura SJC"",""FCCR""]",março
Teatro de Rua e a Cidade - Corpo e Dramaturgia dos Espaços,27/03/2025,Reserved_ImageAttachment_[6]_[Cartaz][32]_[99ba3f1b5cbe4687b3e7a71c8f4fc3bd][1]_[1].png,14,"[""Teatro""]",Termo de Fomento 2019,Mostra Colibri de Artes 2025,Curso,Arte e Cultura,True,Virtual,"[""Edi Cardoso""]",Gestora,"[""FCCR"",""Prefeitura SJC"",""Projeto Colibri"",""Nucleo Educatho""]",março
Bordado,28/03/2025,Reserved_ImageAttachment_[6]_[Cartaz][32]_[77ac6954147f4f2487471b39e527164f][1]_[1].jpeg,4,"[""Artesanato""]",Termo de Fomento 2019,Arte nos Bairros,Oficina,Arte e Cultura,Falso,Presencial,"[""Raquel wonhrath""]",Gestora,"[""FCCR"",""Prefeitura SJC""]",março
Coletivo de Mulheres que leem Mulheres,28/03/2025,Reserved_ImageAttachment_[6]_[Cartaz][32]_[3bb25a988525474cb7d61e1fa2434825][1]_[1].jpeg,2,"[""Literatura""]",Conexão Comunitária,Não se aplica,Encontro,Arte e Cultura,Falso,Presencial,"[""Não se Aplica""]",Gestora,"[""FCCR"",""Prefeitura SJC""]",março
Oficina de Cerâmica,28/03/2025,Reserved_ImageAttachment_[6]_[Cartaz][32]_[51b360171ef84c69922c241885cc034c][1]_[1].jpeg,3,"[""Artes Visuais""]",Termo de Fomento 2019,Arte nos Bairros,Oficina,Arte e Cultura,Falso,Presencial,"[""Misae Odo""]",Gestora,"[""FCCR"",""Prefeitura SJC""]",março
Construção de Brinquedos,29/03/2025,Reserved_ImageAttachment_[6]_[Cartaz][32]_[20d29dfc570e4aa6bb65fe7444d5887b][1]_[1].jpeg,10,"[""Educação Ambiental""]",Termo de Fomento 2019,Artes Nos Bairros,Vivência,Arte e Cultura,Falso,Presencial,"[""Vivian rau""]",Gestora,"[""FCCR"",""Prefeitura SJC""]",março
Modelagem em argila,29/03/2025,Reserved_ImageAttachment_[6]_[Cartaz][32]_[1d0e01f62ce84bb5b9744a0e7f6565f3][1]_[1].jpeg,10,"[""Artes Visuais""]",Termo de Fomento 2019,Arte Nos Bairros,Vivência,Arte e Cultura,Falso,Presencial,"[""Mirna Tominaga""]",Gestora,"[""FCCR"",""Prefeitura SJC""]",março
Tear de pregos,29/03/2025,Reserved_ImageAttachment_[6]_[Cartaz][32]_[d1bc37d4c947437ab2c7bbf39b53269e][1]_[1].jpeg,13,"[""Artesanato""]",Termo de Fomento 2019,Arte nos Bairros,Vivência,Arte e Cultura,Falso,Presencial,"[""Mirna tominaga""]",Gestora,"[""FCCR"",""Prefeitura SJC""]",março
Bordado,01/04/2025,Reserved_ImageAttachment_[6]_[Cartaz][32]_[c2a531de11034e5ba49e7bd66b5aa3d1][1]_[1].jpeg,5,"[""Artesanato""]",Termo de Fomento 2019,Arte Nos Bairros,Oficina,Arte e Cultura,Falso,Presencial,"[""Raquel Wonhrath""]",Gestora,"[""FCCR"",""Prefeitura SJC""]",abril
Programação,01/04/2025,Reserved_ImageAttachment_[6]_[Cartaz][32]_[3e78c20cfb2442aaa45cae45650448c1][1]_[1].jpg,1,"[""Tecnologia""]",Voluntariado,Não se aplica,Oficina,Inclusão digital,Falso,Presencial,"[""Felipe Vieira""]",Gestora,"[""FCCR"",""Prefeitura SJC""]",abril
Elaboração Corporal,02/04/2025,Reserved_ImageAttachment_[6]_[Cartaz][32]_[3287a212fb4c49be80d06e3e35fcb81f][1]_[1].png,5,"[""Saúde Física""]",Voluntariado,Não se aplica,Oficina,Saúde Física e Bem estar,Falso,Presencial,"[""Selma Aparecida""]",Gestora,"[""FCCR"",""Prefeitura SJC""]",abril
Tear,02/04/2025,Reserved_ImageAttachment_[6]_[Cartaz][32]_[d808afa9d6ea4da5be1befe5f304c06b][1]_[1].jpeg,9,"[""Artes Visuais"",""Artesanato""]",Voluntariado,Não se aplica,Oficina,Arte e Cultura,Falso,Presencial,"[""Márcia Tamer""]",Gestora,"[""FCCR"",""Prefeitura SJC""]",abril
Costuras Poéticas,03/04/2025,Reserved_ImageAttachment_[6]_[Cartaz][32]_[37dbbe596d324c0da88763d9e9416e32][1]_[1].jpeg,7,"[""Memórias""]",Termo de Fomento 2019,Arte Nos Bairros,Vivência,Arte e Cultura,Falso,Presencial,"[""Juliana Strzygowski""]",Gestora,"[""FCCR"",""Prefeitura SJC""]",abril
Bordado,04/04/2025,Reserved_ImageAttachment_[6]_[Cartaz][32]_[e5345a4e6f3f4a468687a783f02fd974][1]_[1].jpeg,5,"[""Artesanato""]",Termo de Fomento 2019,Artes Nos Bairros,Oficina,Arte e Cultura,Falso,Presencial,"[""Raquel Wonhrath""]",Gestora,"[""FCCR"",""Prefeitura SJC""]",abril
Cerâmica,04/04/2025,Reserved_ImageAttachment_[6]_[Cartaz][32]_[52acba90dacc4c5aa5b49827fe99f681][1]_[1].jpeg,7,"[""Artes Visuais""]",Termo de Fomento 2019,Arte Nos Bairros,Oficina,Arte e Cultura,Falso,Presencial,"[""Misae Odo""]",Gestora,"[""FCCR"",""Prefeitura SJC""]",abril
Coletivo de Mulheres que leem Mulheres,04/04/2025,Reserved_ImageAttachment_[6]_[Cartaz][32]_[5a37d45f3c8646d08358bd2d1bbb5f3f][1]_[1].jpeg,2,"[""Literatura""]",Conexão Comunitária,Não se aplica,Encontro,Arte e Cultura,Falso,Presencial,"[""Não se Aplica""]",Gestora,"[""FCCR"",""Prefeitura SJC""]",abril
Lian Gong,04/04/2025,Reserved_ImageAttachment_[6]_[Cartaz][32]_[6bb0dc2598a344e19f38031bc8ea3bb4][1]_[1].jpeg,4,"[""Cultura do bem estar""]",Termo de Fomento 2019,Parceria com UBS,Vivência,Arte e Cultura,Falso,Presencial,"[""Jaqueline e Andréia""]",Gestora,"[""FCCR"",""Prefeitura SJC""]",abril
Arte de Brincar,05/04/2025,Reserved_ImageAttachment_[6]_[Cartaz][32]_[2bea0b32699d40ee8db8a34af3ce0f33][1]_[1].jpeg,14,"[""Cultura da Infância""]",Termo de Fomento 2019,Arte Nos Bairros,Vivência,Arte e Cultura,Falso,Presencial,"[""Kallu Whitaker""]",Gestora,"[""Prefeitura SJC"",""FCCR""]",abril
Bordado,05/04/2025,Reserved_ImageAttachment_[6]_[Cartaz][32]_[3e341b86f64b441ea9e59adbcfe4d9ce][1]_[1].jpeg,6,"[""Memórias e Artesanato""]",Termo de Fomento 2019,Arte Nos Bairros,Vivência,Arte e Cultura,Falso,Presencial,"[""Raquel Wonhrath""]",Gestora,"[""FCCR"",""Prefeitura SJC""]",abril
Costuras Poéticas,05/04/2025,Reserved_ImageAttachment_[6]_[Cartaz][32]_[60e2813067244903a84326674985057e][1]_[1].jpeg,8,"[""Memórias""]",Termo de Fomento 2019,Artes Nos Bairros,Vivência,Arte e Cultura,Falso,Presencial,"[""Juliana M. Strzygowski""]",Gestora,"[""FCCR"",""Prefeitura SJC""]",abril
Bordado,08/04/2025,Reserved_ImageAttachment_[6]_[Cartaz][32]_[6f0e5f4f69ae41dfa1667b652f6af83e][1]_[1].jpeg,5,"[""Artesanato""]",Termo de Fomento 2019,Artes Nos Bairros,Oficina,Arte e Cultura,Falso,Presencial,"[""Raquel Wonhrath""]",Gestora,"[""FCCR"",""Prefeitura SJC""]",abril
Programação,08/04/2025,Reserved_ImageAttachment_[6]_[Cartaz][32]_[c7f484c26ffe45d0a641c8e3cad15d67][1]_[1].jpg,1,"[""Tecnologia""]",Voluntariado,Não se aplica,Oficina,Inclusão digital,Falso,Presencial,"[""Felipe Vieira""]",Gestora,"[""FCCR"",""Prefeitura SJC""]",abril
Tear (Turma da Manhã),09/04/2025,Reserved_ImageAttachment_[6]_[Cartaz][32]_[b9275de4e9184d36bdc4e6460fa919b5][1]_[1].jpeg,2,"[""Artes Visuais"",""Artesanato""]",Voluntariado,Não se aplica,Oficina,Arte e Cultura,Falso,Presencial,"[""Márcia Tamer""]",Gestora,"[""FCCR"",""Prefeitura SJC""]",abril
Tear (Turma da Tarde),09/04/2025,Reserved_ImageAttachment_[6]_[Cartaz][32]_[065ef1489a9740d5906acec079d40f61][1]_[1].jpeg,3,"[""Artesanato"",""Artes Visuais""]",Voluntariado,Não se aplica,Oficina,Arte e Cultura,Falso,Presencial,"[""Márcia Tamer""]",Gestora,"[""FCCR"",""Prefeitura SJC""]",abril
Costuras Poéticas,10/04/2025,Reserved_ImageAttachment_[6]_[Cartaz][32]_[a8d8306f72cd4bb0a76b19f7bb43289a][1]_[1].jpeg,7,"[""Memórias""]",Termo de Fomento 2019,Artes Nos Bairros,Oficina,Arte e Cultura,Falso,Presencial,"[""Juliana M. Strzygowski""]",Gestora,"[""FCCR"",""Prefeitura SJC""]",abril
Bordado,11/04/2025,Reserved_ImageAttachment_[6]_[Cartaz][32]_[100f9626733644fb955d9c2e6a4860b2][1]_[1].jpeg,6,"[""Artesanato""]",Termo de Fomento 2019,Arte Nos Bairros,Oficina,Arte e Cultura,Falso,Presencial,"[""Raquel Wohnrath""]",Gestora,"[""FCCR"",""Prefeitura SJC""]",abril
Cerâmica,11/04/2025,Reserved_ImageAttachment_[6]_[Cartaz][32]_[09a7f2db07984c9ca170c6b2edbf051d][1]_[1].jpeg,3,"[""Artes Visuais""]",Termo de Fomento 2019,Artes Nos Bairros,Oficina,Arte e Cultura,Falso,Presencial,"[""Misae Odo""]",Gestora,"[""FCCR"",""Prefeitura SJC""]",abril
Lian Gong,11/04/2025,Reserved_ImageAttachment_[6]_[Cartaz][32]_[7f6251744b454ec9bffc53d8063ed26f][1]_[1].jpeg,5,"[""Cultura do Bem Estar""]",Termo de Fomento 2019,Parceria com UBS,Vivência,Saúde Física e Bem estar,Falso,Presencial,"[""Jaqueline e Andréia""]",Gestora,"[""FCCR"",""Prefeitura SJC""]",abril
Palhaçaria,12/04/2025,Reserved_ImageAttachment_[6]_[Cartaz][32]_[7f71e843bab9437bbae80b7ed0378bfb][1]_[1].jpeg,11,"[""Circo""]",Termo de Fomento 2019,Artes Nos Bairros,Vivência,Arte e Cultura,Falso,Presencial,"[""Miguel Safe""]",Gestora,"[""FCCR"",""Prefeitura SJC""]",abril
Bordado,15/04/2025,Reserved_ImageAttachment_[6]_[Cartaz][32]_[130a792a2da74fe79b1c43adfbe5d62a][1]_[1].jpeg,4,"[""Artesanato""]",Termo de Fomento 2019,Artes Nos Bairros,Vivência,Arte e Cultura,Falso,Presencial,"[""Raquel Wonhrath""]",Gestora,"[""FCCR"",""Prefeitura SJC""]",abril
Programação,15/04/2025,Reserved_ImageAttachment_[6]_[Cartaz][32]_[574bbf4e002e4baf801338fba6d3273a][1]_[1].jpg,1,"[""Tecnologia""]",Voluntariado,Não se aplica,Oficina,Inclusão digital,Falso,Presencial,"[""Felipe Vieira""]",Gestora,"[""FCCR"",""Prefeitura SJC""]",abril
Elaboração Corporal,16/04/2025,Reserved_ImageAttachment_[6]_[Cartaz][32]_[349fb9ade5e94f6dbc5009fef0ec1a4d][1]_[1].png,5,"[""Saúde Física""]",Voluntariado,Não se aplica,Oficina,Saúde Física e Bem estar,Falso,Presencial,"[""Selma Aparecida""]",Gestora,"[""FCCR"",""Prefeitura SJC""]",abril
Tear (Turma da Manhã),16/04/2025,Reserved_ImageAttachment_[6]_[Cartaz][32]_[aabbb1af30834b30ade5f368cfd4e697][1]_[1].jpeg,2,"[""Artes Visuais"",""Artesanato""]",Voluntariado,Não se aplica,Oficina,Arte e Cultura,Falso,Presencial,"[""Márcia Tamer""]",Gestora,"[""FCCR"",""Prefeitura SJC""]",abril
Tear (Turma da Tarde),16/04/2025,Reserved_ImageAttachment_[6]_[Cartaz][32]_[54d49c0186e64fdda940c824cb6d3274][1]_[1].jpeg,6,"[""Artes Visuais"",""Artesanato""]",Voluntariado,Não se aplica,Oficina,Arte e Cultura,Falso,Presencial,"[""Márcia Tamer""]",Gestora,"[""FCCR"",""Prefeitura SJC""]",abril
Flima,19/04/2025,Reserved_ImageAttachment_[6]_[Cartaz][32]_[3b24a37da09c4abf8073793af9a7c290][1]_[1].jpeg,23,"[""Literatura""]",Termo de Fomento 2019,Flima,Vivência,Incentivo à Leitura,Falso,Presencial,"[""Não se aplica""]",Gestora,"[""FCCR"",""Prefeitura SJC""]",abril
Fulni - ô,21/04/2025,Reserved_ImageAttachment_[6]_[Cartaz][32]_[9c63d5d21c32411fadfc55f1056105e1][1]_[1].jpeg,67,"[""Dança"",""Música"",""Cultura Indígina""]",Termo de Fomento 2019,Não se aplica,Vivência,Arte e Cultura,Falso,Presencial,"[""Não se aplica""]",Gestora,"[""FCCR"",""Prefeitura SJC""]",abril
Bordado,22/04/2025,Reserved_ImageAttachment_[6]_[Cartaz][32]_[108a9b02794a4ec0b8841d7aefed7ea4][1]_[1].jpeg,3,"[""Memórias""]",Termo de Fomento 2019,Arte Nos Bairros,Oficina,Arte e Cultura,Falso,Presencial,"[""Raquel Whonrath""]",Gestora,"[""FCCR"",""Prefeitura SJC""]",abril
Tear (Turma da Manhã),23/04/2025,Reserved_ImageAttachment_[6]_[Cartaz][32]_[4890e0799e7e4e54bcfbdfc092cbf90b][1]_[1].jpeg,2,"[""Artes Visuais"",""Artesanato""]",Voluntariado,Não se aplica,Oficina,Arte e Cultura,Falso,Presencial,"[""Márcia Tamer""]",Gestora,"[""FCCR"",""Prefeitura SJC""]",abril
Tear (Turma da Tarde),23/04/2025,Reserved_ImageAttachment_[6]_[Cartaz][32]_[292b71e59c2f4454a1d2b20f7e1f011a][1]_[1].jpeg,6,"[""Artes Visuais"",""Artesanato""]",Voluntariado,Não se aplica,Oficina,Arte e Cultura,Falso,Presencial,"[""Márcia Tamer""]",Gestora,"[""FCCR"",""Prefeitura SJC""]",abril
Visita e sessão de empréstimos alunos do ensino fundamental,23/04/2025,Reserved_ImageAttachment_[6]_[Cartaz][32]_[da1997c41baa4868b98c8462664b704b][1]_[1].jpeg,30,"[""Literatura""]",Conexão Comunitária,Não se aplica,Visita,Incentivo à Leitura,Falso,Presencial,"[""Não se aplica""]",Gestora,"[""FCCR"",""Prefeitura SJC""]",abril
Clube de Leitura,24/04/2025,Reserved_ImageAttachment_[6]_[Cartaz][32]_[e37a3b38675948a5907afca1975b66ad][1]_[1].jpeg,6,"[""Literatura""]",Termo de Fomento 2019,Não se aplica,Oficina,Incentivo à Leitura,Falso,Presencial,"[""Hellen Santos""]",Gestora,"[""FCCR"",""Prefeitura SJC""]",abril
Comunicação Não Violenta ,24/04/2025,Reserved_ImageAttachment_[6]_[Cartaz][32]_[3418e8b04d2944f68e9b9f256ae138cd][1]_[1].jpeg,2,"[""Educação""]",Voluntariado,Não se aplica,Oficina,Desenvolvimento pessoal,Falso,Presencial,"[""Carina Grassetto""]",Gestora,"[""FCCR"",""Prefeitura SJC""]",abril
Bordado,25/04/2025,Reserved_ImageAttachment_[6]_[Cartaz][32]_[b337cc266ce245fcbef590373ab59cb3][1]_[1].jpeg,7,"[""Artesanato""]",Termo de Fomento 2019,Arte Nos Bairros,Oficina,Arte e Cultura,Falso,Presencial,"[""Misae  Odo""]",Gestora,"[""FCCR"",""Prefeitura SJC""]",abril
Cerâmica,25/04/2025,Reserved_ImageAttachment_[6]_[Cartaz][32]_[2c24cbfba4f3421ca54b68a8f1169662][1]_[1].jpeg,2,"[""Artes Visuais""]",Termo de Fomento 2019,Arte Nos Bairros,Oficina,Arte e Cultura,Falso,Presencial,"[""Misae Odo""]",Gestora,"[""FCCR"",""Prefeitura SJC""]",abril
Lian Gong,25/04/2025,Reserved_ImageAttachment_[6]_[Cartaz][32]_[01855cfd30fc4e488df05b0b4f5fbca3][1]_[1].jpeg,5,"[""Saúde Física""]",Termo de Fomento 2019,Parceria com a UBS,Vivência,Saúde Física e Bem estar,Falso,Presencial,"[""Jaqueline e Andréia""]",Gestora,"[""FCCR"",""Prefeitura SJC""]",abril
Construção de Brinquedos,26/04/2025,Reserved_ImageAttachment_[6]_[Cartaz][32]_[a45285ef13d8484c8525bcf92ba79ae5][1]_[1].jpeg,5,"[""Artes Visuais""]",Termo de Fomento 2019,Artes Nos Bairros,Oficina,Arte e Cultura,Falso,Presencial,"[""Túlio Macedo""]",Gestora,"[""FCCR"",""Prefeitura SJC""]",abril
Modelagem em argila,26/04/2025,Reserved_ImageAttachment_[6]_[Cartaz][32]_[b3e981ee83264b309c298ec569e9f41c][1]_[1].jpeg,15,"[""Artes Visuais""]",Termo de Fomento 2019,Arte Nos Bairros,Oficina,Arte e Cultura,Falso,Presencial,"[""Mirna tominaga""]",Gestora,"[""FCCR"",""Prefeitura SJC""]",abril
Participação no Encontro com o Povo Fulni-ô | Exposição de Livros com Temática Indígena e Ambiental,26/04/2025,Reserved_ImageAttachment_[6]_[Cartaz][32]_[75e015882c57409d9658c4b85e1c6c74][1]_[1].jpeg,50,"[""Literatura"",""Educação Ambiental""]",Conexão Comunitária,Não se aplica,Evento,Ambiental,Falso,Presencial,"[""Não se aplica""]",Gestora,"[""Ritus""]",abril
Tear Vivo,26/04/2025,Reserved_ImageAttachment_[6]_[Cartaz][32]_[b2f0dd14a6fc43889275f041069fcafd][1]_[1].jpeg,15,"[""Artesanato""]",Termo de Fomento 2019,Arte Nos Bairros,Vivência,Arte e Cultura,Falso,Presencial,"[""Mirna Tominaga""]",Gestora,"[""FCCR"",""Prefeitura SJC""]",abril
Bordado,29/04/2025,Reserved_ImageAttachment_[6]_[Cartaz][32]_[426e9c854cf248cfab389c3b43fb6342][1]_[1].jpeg,4,"[""memórias""]",Termo de Fomento 2019,Artes Nos Bairros,Oficina,Arte e Cultura,Falso,Presencial,"[""Raquel whonrath""]",Gestora,"[""FCCR"",""Prefeitura SJC""]",abril
Programação,29/04/2025,Reserved_ImageAttachment_[6]_[Cartaz][32]_[cf0675f82da64363b2184b41d029439e][1]_[1].jpg,1,"[""Tecnologia""]",Voluntariado,Não se aplica,Oficina,Inclusão digital,Falso,Presencial,"[""Felipe Vieira""]",Gestora,"[""FCCR"",""Prefeitura SJC""]",abril
Elaboração Corporal,30/04/2025,Reserved_ImageAttachment_[6]_[Cartaz][32]_[b4ee5ca0d2fc46c38b267a4e257f658c][1]_[1].png,4,"[""Saúde Física""]",Voluntariado,Não se aplica,Oficina,Saúde Física e Bem estar,Falso,Presencial,"[""Selma Aparecida""]",Gestora,"[""FCCR"",""Prefeitura SJC""]",abril
Tear (Turma da Manhã),30/04/2025,Reserved_ImageAttachment_[6]_[Cartaz][32]_[2a29e5b38ad348b895c3bc250fb78255][1]_[1].jpeg,3,"[""Artes Visuais"",""Artesanato""]",Voluntariado,Não se aplica,Oficina,Arte e Cultura,Falso,Presencial,"[""Márcia Tamer""]",Gestora,"[""FCCR"",""Prefeitura SJC""]",abril
Tear (Turma da Tarde),30/04/2025,Reserved_ImageAttachment_[6]_[Cartaz][32]_[c92b340bb367400b99a86fc64e786db2][1]_[1].jpeg,6,"[""Artes Visuais"",""Artesanato""]",Voluntariado,Não se aplica,Oficina,Arte e Cultura,Falso,Presencial,"[""Márcia Tamer""]",Gestora,"[""FCCR"",""Prefeitura SJC""]",abril
Exposição e sessão de empréstimos poesia e a palavra: Feira dos produtores ,02/05/2025,Reserved_ImageAttachment_[6]_[Cartaz][32]_[a8d6e44102144aba9783e45fb4a13ec3][1]_[1].jpeg,30,"[""Literatura""]",Conexão Comunitária,Não se aplica,Evento,Incentivo à Leitura,Falso,Presencial,"[""Não se aplica""]",Gestora,"[""Feira dos Produtores""]",maio
30° Encontro de Desenho de Rua,03/05/2025,Reserved_ImageAttachment_[6]_[Cartaz][32]_[54ea51dc875a4221b761288fb4460528][1]_[1].jpg,16,"[""Artes Visuais""]",Termo de Fomento 2019,Não se aplica,Encontro,Arte e Cultura,Falso,Presencial,"[""Não se aplica""]",Gestora,"[""FCCR"",""Prefeitura SJC""]",maio
Tear (Turma da Tarde),07/05/2025,Reserved_ImageAttachment_[6]_[Cartaz][32]_[a4706cd1c8414743a1412f0cb39dc4ad][1]_[1].jpeg,5,"[""Artes Visuais"",""Artesanato""]",Voluntariado,Não se aplica,Oficina,Arte e Cultura,Falso,Presencial,"[""Márcia Tamer""]",Gestora,"[""FCCR"",""Prefeitura SJC""]",maio
Costuras Poéticas,08/05/2025,Reserved_ImageAttachment_[6]_[Cartaz][32]_[b9914c77041d45909ca9ddfa588b010c][1]_[1].jpeg,5,"[""Memórias""]",Termo de Fomento 2019,Artes Nos Bairros,Oficina,Arte e Cultura,Falso,Presencial,"[""Juliana Machado""]",Gestora,"[""FCCR"",""Prefeitura SJC""]",maio
"Exibição do Filme ""O Grande Ano""",08/05/2025,Reserved_ImageAttachment_[6]_[Cartaz][32]_[1554fbcecb9c436fa0cd8c959772a22e][1]_[1].jpg,46,"[""Educação Ambiental""]",Salas Verdes,Não se aplica,Vivência,Ambiental,Falso,Presencial,"[""Não se aplica""]",Gestora,"[""FCCR"",""Prefeitura SJC""]",maio
Bordado,09/05/2025,Reserved_ImageAttachment_[6]_[Cartaz][32]_[22caa78acd3547a0afd366424bfea665][1]_[1].jpeg,4,"[""Memórias""]",Termo de Fomento 2019,Arte Nos Bairros,Oficina,Arte e Cultura,Falso,Presencial,"[""Raquel Whonrath""]",Gestora,"[""FCCR"",""Prefeitura SJC""]",maio
cerâmica,09/05/2025,Reserved_ImageAttachment_[6]_[Cartaz][32]_[f2138a72f22d494b8e6f1f18c2709885][1]_[1].jpeg,4,"[""Artes Visuais""]",Termo de Fomento 2019,Artes Nos Bairros,Oficina,Arte e Cultura,Falso,Presencial,"[""Misae odo""]",Gestora,"[""Prefeitura SJC"",""FCCR""]",maio
Coletivo de Mulheres que leem Mulheres,09/05/2025,Reserved_ImageAttachment_[6]_[Cartaz][32]_[916dcd12aeb744d8a88176d16a259762][1]_[1].jpeg,2,"[""Literatura""]",Conexão Comunitária,Não se aplica,Oficina,Arte e Cultura,Falso,Presencial,"[""Não se aplica""]",Gestora,"[""FCCR"",""Prefeitura SJC""]",maio
Arte de Brincar,10/05/2025,Reserved_ImageAttachment_[6]_[Cartaz][32]_[98974764a7b6407eb30868c5df442be4][1]_[1].jpeg,15,"[""Cultura da Infância""]",Termo de Fomento 2019,Arte Nos Bairros,Oficina,Arte e Cultura,Falso,Presencial,"[""Miguel Safe""]",Gestora,"[""FCCR"",""Prefeitura SJC""]",maio
Bordado,13/05/2025,Reserved_ImageAttachment_[6]_[Cartaz][32]_[3678baa9e56448329c615aceb45c338d][1]_[1].jpeg,5,"[""Memórias""]",Termo de Fomento 2019,Arte Nos Bairros,Oficina,Arte e Cultura,Falso,Presencial,"[""Raquel Whonrath""]",Gestora,"[""FCCR"",""Prefeitura SJC""]",maio
Comunicação Não Violenta,13/05/2025,Reserved_ImageAttachment_[6]_[Cartaz][32]_[edcf554d12e247099f1740d449b44c10][1]_[1].jpg,3,"[""Educação""]",Voluntariado,Não se aplica,Oficina,Desenvolvimento pessoal,Falso,Presencial,"[""Carina Grassetto""]",Gestora,"[""FCCR"",""Prefeitura SJC""]",maio
Tear (Turma da Manhã),14/05/2025,Reserved_ImageAttachment_[6]_[Cartaz][32]_[6bcd06fc4416483b8e69eb8a7e8d4d51][1]_[1].jpeg,3,"[""Artes Visuais"",""Artesanato""]",Voluntariado,Não se aplica,Oficina,Arte e Cultura,Falso,Presencial,"[""Márcia Tamer""]",Gestora,"[""FCCR"",""Prefeitura SJC""]",maio
Tear (Turma da Tarde),14/05/2025,Reserved_ImageAttachment_[6]_[Cartaz][32]_[d2213a18f0994c31b41395c3f1c9e7e2][1]_[1].jpeg,6,"[""Artes Visuais"",""Artesanato""]",Voluntariado,Não se aplica,Oficina,Arte e Cultura,Falso,Presencial,"[""Márcia Tamer""]",Gestora,"[""FCCR"",""Prefeitura SJC""]",maio
Costuras poéticas,15/05/2025,Reserved_ImageAttachment_[6]_[Cartaz][32]_[b5ac87a0056e458b82871339a13a0f71][1]_[1].jpeg,5,"[""Memórias""]",Termo de Fomento 2019,Artes Nos Bairros,Oficina,Arte e Cultura,Falso,Presencial,"[""Juliana Machado""]",Gestora,"[""FCCR"",""Prefeitura SJC""]",maio
Bordado,16/05/2025,Reserved_ImageAttachment_[6]_[Cartaz][32]_[6d2180c2f4e646bda47923f889adbfbd][1]_[1].jpeg,3,"[""Memórias""]",Termo de Fomento 2019,Artes Nos Bairros,Oficina,Arte e Cultura,Falso,Presencial,"[""raquel Whonrath""]",Gestora,"[""FCCR"",""Prefeitura SJC""]",maio
Cerâmica,16/05/2025,Reserved_ImageAttachment_[6]_[Cartaz][32]_[efe202b8cabd4ab7955def6f9e105c4c][1]_[1].jpeg,6,"[""Artes Visuais""]",Termo de Fomento 2019,Artes Nos Bairros,Oficina,Arte e Cultura,Falso,Presencial,"[""Misae odo""]",Gestora,"[""FCCR"",""Prefeitura SJC""]",maio
Estudos literários: Elos da Língua,16/05/2025,Reserved_ImageAttachment_[6]_[Cartaz][32]_[75336247b62d42be82fd1f0e14de645f][1]_[1].jpeg,26,"[""Literatura""]",Termo de Fomento 2019,Não se aplica,Encontro,Incentivo à Leitura,Falso,Presencial,"[""Hellen Santos""]",Gestora,"[""FCCR"",""Prefeitura SJC""]",maio
Palhaçaria,17/05/2025,Reserved_ImageAttachment_[6]_[Cartaz][32]_[b13fdda4198e4d6281328e773d335d76][1]_[1].jpeg,8,"[""Circo""]",Termo de Fomento 2019,Arte Nos Bairros,Oficina,Arte e Cultura,Falso,Presencial,"[""Miguel Safe""]",Gestora,"[""FCCR"",""Prefeitura SJC""]",maio
Bordado,20/05/2025,Reserved_ImageAttachment_[6]_[Cartaz][32]_[d5e7fe86ec31445481a6a02012425018][1]_[1].jpeg,3,"[""Memórias""]",Termo de Fomento 2019,Artes Nos Bairros,Oficina,Arte e Cultura,Falso,Presencial,"[""Raquel Whonrath""]",Gestora,"[""FCCR"",""Prefeitura SJC""]",maio
Meditação,20/05/2025,Reserved_ImageAttachment_[6]_[Cartaz][32]_[d5e466170f24446dab147f8109b96f44][1]_[1].jpeg,2,"[""Saúde Física""]",Voluntariado,Não se aplica,Oficina,Saúde Física e Bem estar,Falso,Presencial,"[""Marly Andrade""]",Gestora,"[""FCCR"",""Prefeitura SJC""]",maio
Tear (Turma da Tarde),21/05/2025,Reserved_ImageAttachment_[6]_[Cartaz][32]_[a1c45abaaaa5441583235daf1c2d5c91][1]_[1].jpeg,5,"[""Artes Visuais"",""Artesanato""]",Voluntariado,Não se aplica,Oficina,Arte e Cultura,Falso,Presencial,"[""Márcia Tamer""]",Gestora,"[""FCCR"",""Prefeitura SJC""]",maio
Costuras Poéticas,22/05/2025,Reserved_ImageAttachment_[6]_[Cartaz][32]_[cfccf1ef534d4b1f8c979b35b572d6b9][1]_[1].jpeg,5,"[""Artesanato""]",Termo de Fomento 2019,Arte Nos Bairros,Oficina,Arte e Cultura,Falso,Presencial,"[""Juliana Machado""]",Gestora,"[""FCCR"",""Prefeitura SJC""]",maio
Bordado,23/05/2025,Reserved_ImageAttachment_[6]_[Cartaz][32]_[ed5e9c65d3f04c159cb421af864a7083][1]_[1].jpeg,3,"[""Artesanato""]",Termo de Fomento 2019,Arte Nos Bairros,Oficina,Arte e Cultura,Falso,Presencial,"[""Raquel Whonrath""]",Gestora,"[""FCCR"",""Prefeitura SJC""]",maio
Upcycling/Reutilização,24/05/2025,Reserved_ImageAttachment_[6]_[Cartaz][32]_[ace7a47ecfd045edb7d6ea0d796c8810][1]_[1].jpeg,5,"[""Economia CrIativa""]",Termo de Fomento 2019,Artes Nos Bairros,Oficina,Arte e Cultura,Falso,Presencial,"[""Beatriz Rinaldini""]",Gestora,"[""FCCR"",""Prefeitura SJC""]",maio
Bordado,27/05/2025,Reserved_ImageAttachment_[6]_[Cartaz][32]_[25170f4bb6c141e2ad9f49394e536dd4][1]_[1].jpeg,5,"[""Artes Visuais""]",Termo de Fomento 2019,Artes Nos Bairros,Oficina,Arte e Cultura,Falso,Presencial,"[""Raquel Whonrath""]",Gestora,"[""FCCR"",""Prefeitura SJC""]",maio
Programação,27/05/2025,Reserved_ImageAttachment_[6]_[Cartaz][32]_[ffbbcd8b194b4156bac52057f5c7a48b][1]_[1].jpg,1,"[""Tecnologia""]",Voluntariado,Não se aplica,Oficina,Inclusão digital,Falso,Presencial,"[""Felipe Vieira""]",Gestora,"[""FCCR"",""Prefeitura SJC""]",maio
Tear (Turma da Manhã),28/05/2025,Reserved_ImageAttachment_[6]_[Cartaz][32]_[3c77a81b8c3644f1806211e08a04535b][1]_[1].jpeg,2,"[""Artes Visuais"",""Artesanato""]",Voluntariado,Não se aplica,Oficina,Arte e Cultura,Falso,Presencial,"[""Márcia Tamer""]",Gestora,"[""FCCR"",""Prefeitura SJC""]",maio
Tear (Turma da Tarde),28/05/2025,Reserved_ImageAttachment_[6]_[Cartaz][32]_[0630c654008d47fe9c9630b9c40841af][1]_[1].jpeg,7,"[""Artes Visuais"",""Artesanato""]",Voluntariado,Não se aplica,Oficina,Arte e Cultura,Falso,Presencial,"[""Márcia Tamer""]",Gestora,"[""FCCR"",""Prefeitura SJC""]",maio
Clube de Leitura,29/05/2025,Reserved_ImageAttachment_[6]_[Cartaz][32]_[98ddf5e5cc19407bb0f32a5ebb1cf01f][1]_[1].jpeg,10,"[""Literatura""]",Termo de Fomento 2019,Não se aplica,Oficina,Incentivo à Leitura,Falso,Presencial,"[""Hellen Santos""]",Gestora,"[""FCCR"",""Prefeitura SJC""]",maio
Costuras Poéticas,29/05/2025,Reserved_ImageAttachment_[6]_[Cartaz][32]_[34201d9443e04e3e8dddb23640898da1][1]_[1].jpeg,5,"[""Artesanato""]",Termo de Fomento 2019,Artes Nos Bairros,Oficina,Arte e Cultura,Falso,Presencial,"[""Juliana Machado""]",Gestora,"[""FCCR"",""Prefeitura SJC""]",maio
Pintura Espontânea,29/05/2025,Reserved_ImageAttachment_[6]_[Cartaz][32]_[1168eb87c2aa4b74a71716490b6a21ec][1]_[1].jpeg,4,"[""Artes Visuais""]",Voluntariado,Não se aplica,Workshop,Saúde Física e Bem estar,Falso,Presencial,"[""Lou Spineli""]",Gestora,"[""FCCR"",""Prefeitura SJC""]",maio
Bordado,30/05/2025,Reserved_ImageAttachment_[6]_[Cartaz][32]_[a8f38cdcef5a4f6c8247d22c8c6f3b01][1]_[1].jpeg,4,"[""Artesanato""]",Termo de Fomento 2019,Artes Nos Bairros,Oficina,Arte e Cultura,Falso,Presencial,"[""Raquel Whonrath""]",Gestora,"[""Prefeitura SJC"",""FCCR""]",maio
Construção de Brinquedos,31/05/2025,Reserved_ImageAttachment_[6]_[Cartaz][32]_[961ee1bfba3e4aa4b84295525b9db280][1]_[1].jpeg,13,"[""Economia criativa""]",Termo de Fomento 2019,Artes Nos Bairros,Oficina,Arte e Cultura,Falso,Presencial,"[""Túlio Mecedo""]",Gestora,"[""FCCR"",""Prefeitura SJC""]",maio
Modelagem em Argila,31/05/2025,Reserved_ImageAttachment_[6]_[Cartaz][32]_[6787510fbdf44f2bb527897d567dc58d][1]_[1].jpeg,30,"[""Artes Visuais""]",Termo de Fomento 2019,Arte Nos Bairros,Oficina,Arte e Cultura,Falso,Presencial,"[""Mirna tominaga""]",Gestora,"[""FCCR"",""Prefeitura SJC""]",maio
Tear de  Pregos,31/05/2025,Reserved_ImageAttachment_[6]_[Cartaz][32]_[4985b265979f4bf5aca99852dc53f06a][1]_[1].jpeg,30,"[""Artesanato""]",Termo de Fomento 2019,Arte Nos Bairros,Oficina,Arte e Cultura,Falso,Presencial,"[""Mirna Tominaga""]",Gestora,"[""FCCR"",""Prefeitura SJC""]",maio
Bordado,03/06/2025,Reserved_ImageAttachment_[6]_[Cartaz][32]_[00f95fac63464c04913916f7632e5cdb][1]_[1].jpeg,5,"[""Artesanato""]",Termo de Fomento 2019,Arte Nos Bairros,Oficina,Arte e Cultura,Falso,Presencial,"[""Raquel Wonhrath""]",Gestora,"[""FCCR"",""Prefeitura SJC""]",junho
Programação,03/06/2025,Reserved_ImageAttachment_[6]_[Cartaz][32]_[65459d15bc7d4624a154b290781af7b2][1]_[1].jpg,1,"[""Tecnologia""]",Voluntariado,Não se aplica,Oficina,Inclusão digital,Falso,Presencial,"[""Felipe Vieira""]",Gestora,"[""FCCR"",""Prefeitura SJC""]",junho
Tear (Turma da Tarde),04/06/2025,Reserved_ImageAttachment_[6]_[Cartaz][32]_[0ac32aebee1645bd97399daac96b2112][1]_[1].jpeg,6,"[""Artes Visuais"",""Artesanato""]",Voluntariado,Não se aplica,Oficina,Arte e Cultura,Falso,Presencial,"[""Márcia Tamer""]",Gestora,"[""FCCR"",""Prefeitura SJC""]",junho
Costuras Poéticas,05/06/2025,Reserved_ImageAttachment_[6]_[Cartaz][32]_[ce54ac2732604ea09edfc99d8bdb60b1][1]_[1].jpeg,4,"[""Memórias""]",Termo de Fomento 2019,Arte Nos Bairros,Oficina,Arte e Cultura,Falso,Presencial,"[""Juliana Strzygowski""]",Gestora,"[""FCCR"",""Prefeitura SJC""]",junho
Bordado,06/06/2025,Reserved_ImageAttachment_[6]_[Cartaz][32]_[563cac0b3d3b499f96cea727909ea524][1]_[1].jpeg,4,"[""Artesanato""]",Termo de Fomento 2019,Artes Nos Bairros,Oficina,Arte e Cultura,Falso,Presencial,"[""Raquel Whonrath""]",Gestora,"[""FCCR"",""Prefeitura SJC""]",junho
Cerâmica,06/06/2025,Reserved_ImageAttachment_[6]_[Cartaz][32]_[98729239bf094804b0582fdfbee42b47][1]_[1].jpeg,3,"[""Artes Visuais""]",Termo de Fomento 2019,Arte Nos Bairros,Oficina,Arte e Cultura,Falso,Presencial,"[""Misae Odo""]",Gestora,"[""FCCR"",""Prefeitura SJC""]",junho
Lian Gong,06/06/2025,Reserved_ImageAttachment_[6]_[Cartaz][32]_[929503b777434c75a9962a4f94ecbfb8][1]_[1].jpeg,4,"[""Saúde Física""]",Termo de Fomento 2019,Não se aplica,Vivência,Arte e Cultura,Falso,Presencial,"[""Andreia e Jaqueline""]",Gestora,"[""FCCR"",""Prefeitura SJC"",""UPA/UBS""]",junho
Bordado,07/06/2025,Reserved_ImageAttachment_[6]_[Cartaz][32]_[2b190d6800234b5db14400d7a6046ce3][1]_[1].jpeg,10,"[""Artesanato""]",Termo de Fomento 2019,Arte Nos Bairros,Oficina,Arte e Cultura,Falso,Presencial,"[""Raquel Whonratrh""]",Gestora,"[""FCCR"",""Prefeitura SJC""]",junho
Brincadeiras infantis,07/06/2025,Reserved_ImageAttachment_[6]_[Cartaz][32]_[88583edd350f4267b18c66b1734676c1][1]_[1].jpeg,8,"[""Cultura da infância""]",Termo de Fomento 2019,Arte Nos Bairros,Vivência,Arte e Cultura,Falso,Presencial,"[""Miguel Safe""]",Gestora,"[""FCCR"",""Prefeitura SJC""]",junho
Costuras poéticas,07/06/2025,Reserved_ImageAttachment_[6]_[Cartaz][32]_[34667e79b04b4f169c2161edbbb4a564][1]_[1].jpeg,48,"[""Memórias""]",Termo de Fomento 2019,Artes Nos Bairros,Oficina,Arte e Cultura,Falso,Presencial,"[""Juliana Machado""]",Gestora,"[""FCCR"",""Prefeitura SJC""]",junho
Bordado,10/06/2025,Reserved_ImageAttachment_[6]_[Cartaz][32]_[dcfa8420ffb44821bb16710e75827f13][1]_[1].jpeg,5,"[""Artesanato""]",Termo de Fomento 2019,Artes Nos Bairros,Oficina,Arte e Cultura,Falso,Presencial,"[""Raquel Whonrath""]",Gestora,"[""FCCR"",""Prefeitura SJC""]",junho
Grupo de mulheres de SFX,10/06/2025,Reserved_ImageAttachment_[6]_[Cartaz][32]_[9e785b69d04d4d4d98690adf6afd960e][1]_[1].jpg,15,"[""Artesanato""]",Termo de Fomento 2019,Não se aplica,Encontro,Arte e Cultura,Falso,Presencial,"[""Não se aplica""]",Gestora,"[""FCCR"",""Prefeitura SJC""]",junho
Jorge Serão o poeta,10/06/2025,Reserved_ImageAttachment_[6]_[Cartaz][32]_[23780e06404043819a219a2916e62bc4][1]_[1].jpeg,64,"[""Fotografia"",""Literatura""]",Termo de Fomento 2019,Elos da Língua,Evento,Arte e Cultura,Falso,Presencial,"[""Não se aplica""]",Gestora,"[""FCCR"",""Prefeitura SJC""]",junho
Programação,10/06/2025,Reserved_ImageAttachment_[6]_[Cartaz][32]_[2d97283d57c04272a8e0fb132790cfc7][1]_[1].jpg,1,"[""Tecnologia""]",Voluntariado,Não se aplica,Oficina,Inclusão digital,Falso,Presencial,"[""Felipe Vieira""]",Gestora,"[""FCCR"",""Prefeitura SJC""]",junho
Tear (Turma da Manhã),11/06/2025,Reserved_ImageAttachment_[6]_[Cartaz][32]_[b9ef31cce05b4e079f885ee78a016778][1]_[1].jpeg,1,"[""Artes Visuais"",""Artesanato""]",Voluntariado,Não se aplica,Oficina,Arte e Cultura,Falso,Presencial,"[""Márcia Tamer""]",Gestora,"[""FCCR"",""Prefeitura SJC""]",junho
Tear (Turma da Tarde),11/06/2025,Reserved_ImageAttachment_[6]_[Cartaz][32]_[a6ec4f03af5940509442ab5e60643817][1]_[1].jpeg,4,"[""Artes Visuais"",""Artesanato""]",Voluntariado,Não se aplica,Oficina,Arte e Cultura,Falso,Presencial,"[""Márcia Tamer""]",Gestora,"[""FCCR"",""Prefeitura SJC""]",junho
Costuras Poéticas,12/06/2025,Reserved_ImageAttachment_[6]_[Cartaz][32]_[6d45ef1806de43bbadce9dc74a4084d2][1]_[1].jpeg,6,"[""Memórias""]",Termo de Fomento 2019,Artes Nos Bairros,Oficina,Arte e Cultura,Falso,Presencial,"[""Juliana Machado""]",Gestora,"[""FCCR"",""Prefeitura SJC""]",junho
Bordado,13/06/2025,Reserved_ImageAttachment_[6]_[Cartaz][32]_[1e4be3832bee45f0b7c3dbd1549d227b][1]_[1].jpeg,6,"[""Artesanato""]",Termo de Fomento 2019,Arte Nos Bairros,Oficina,Arte e Cultura,Falso,Presencial,"[""Raquel Whonrath""]",Gestora,"[""FCCR"",""Prefeitura SJC""]",junho
Cerâmica,13/06/2025,Reserved_ImageAttachment_[6]_[Cartaz][32]_[fe100775ad9c4dceae76c7f792bcfa47][1]_[1].jpeg,3,"[""Artes Visuais""]",Termo de Fomento 2019,Artes Nos Bairros,Oficina,Arte e Cultura,Falso,Presencial,"[""Misae Odo""]",Gestora,"[""FCCR"",""Prefeitura SJC""]",junho
Exposição: Caneta e Cores,13/06/2025,Reserved_ImageAttachment_[6]_[Cartaz][32]_[d3093231bfcd4232ba8c5254965e86bb][1]_[1].jpg,124,"[""Artes Visuais""]",Termo de Fomento 2019,Não se aplica,Visita,Arte e Cultura,Falso,Presencial,"[""Não se aplica""]",Gestora,"[""FCCR"",""Prefeitura SJC""]",junho
Lian Gong,13/06/2025,Reserved_ImageAttachment_[6]_[Cartaz][32]_[94251818b215417691fc5cb5f80a3132][1]_[1].jpeg,6,"[""Saúde Física""]",Termo de Fomento 2019,Não se aplica,Vivência,Arte e Cultura,Falso,Presencial,"[""Andreia e Jaqueline""]",Gestora,"[""FCCR"",""Prefeitura SJC""]",junho
Circo (palhaçaria),14/06/2025,Reserved_ImageAttachment_[6]_[Cartaz][32]_[baded5a4d7c04c168e481b9ef071ad69][1]_[1].jpeg,12,"[""Circo""]",Termo de Fomento 2019,Arte Nos Bairros,Vivência,Arte e Cultura,Falso,Presencial,"[""Beatriz Rinaldini""]",Gestora,"[""FCCR"",""Prefeitura SJC""]",junho
No Varal,14/06/2025,Reserved_ImageAttachment_[6]_[Cartaz][32]_[051cad2df8f24869af402b871f886dc6][1]_[1].jpeg,45,"[""Artes Visuais""]",Termo de Fomento 2019,PNAB/PROAC,Oficina,Arte e Cultura,Falso,Presencial,"[""Não se aplica""]",Gestora,"[""FCCR"",""Prefeitura SJC""]",junho
Palhaçaria (CIRCO),14/06/2025,Reserved_ImageAttachment_[6]_[Cartaz][32]_[70421670c0ab4757b18b82404c378b5f][1]_[1].jpeg,18,"[""Circo""]",Termo de Fomento 2019,Arte Nos Bairros,Vivência,Arte e Cultura,Falso,Presencial,"[""Miguel Safe""]",Gestora,"[""FCCR"",""Prefeitura SJC""]",junho
Bordado,17/06/2025,Reserved_ImageAttachment_[6]_[Cartaz][32]_[24102156315749d7b5394842bf98083e][1]_[1].jpeg,3,"[""Artesanato/ Memórias""]",Termo de Fomento 2019,Arte nos Bairros,Oficina,Arte e Cultura,Falso,Presencial,"[""Raquel Whonrath""]",Gestora,"[""FCCR"",""Prefeitura SJC""]",junho
Programação,17/06/2025,Reserved_ImageAttachment_[6]_[Cartaz][32]_[9821e359b96942b8b1862fddbf9aec65][1]_[1].jpg,3,"[""Tecnologia""]",Voluntariado,Não se aplica,Oficina,Inclusão digital,Falso,Presencial,"[""Felipe Vieira""]",Gestora,"[""FCCR"",""Prefeitura SJC""]",junho
Tear (Turma da Manhã),18/06/2025,Reserved_ImageAttachment_[6]_[Cartaz][32]_[815ae08c1cc64616a544707fdf2dde3b][1]_[1].jpeg,3,"[""Artes Visuais"",""Artesanato""]",Voluntariado,Não se aplica,Oficina,Arte e Cultura,Falso,Presencial,"[""Márcia Tamer""]",Gestora,"[""FCCR"",""Prefeitura SJC""]",junho
Tear (Turma da Tarde),18/06/2025,Reserved_ImageAttachment_[6]_[Cartaz][32]_[ea37cec111da4543bbc5c36477043e5b][1]_[1].jpeg,5,"[""Artes Visuais"",""Artesanato""]",Voluntariado,Não se aplica,Oficina,Arte e Cultura,Falso,Presencial,"[""Márcia Tamer""]",Gestora,"[""FCCR"",""Prefeitura SJC""]",junho
Todos os corpos dançam,21/06/2025,Reserved_ImageAttachment_[6]_[Cartaz][32]_[d9e85fc15f134a4dadb4896226dd9184][1]_[1].jpeg,20,"[""Dança""]",Termo de Fomento 2019,PNAB/PROAC,Workshop,Arte e Cultura,Falso,Presencial,"[""Kimie""]",Gestora,"[""FCCR"",""Prefeitura SJC""]",junho
Bordado,24/06/2025,Reserved_ImageAttachment_[6]_[Cartaz][32]_[99137d02fe9d4180b124e8f2b7df9b0e][1]_[1].jpeg,7,"[""Artes Visuais""]",Termo de Fomento 2019,Não se aplica,Oficina,Arte e Cultura,Falso,Presencial,"[""Raquel Wonhath""]",Gestora,"[""FCCR"",""Prefeitura SJC""]",junho
Meditação,24/06/2025,Reserved_ImageAttachment_[6]_[Cartaz][32]_[61e3adcf87e640aab33b2ffe50351897][1]_[1].jpeg,5,"[""Saúde Física""]",Voluntariado,Não se aplica,Oficina,Saúde Física e Bem estar,Falso,Presencial,"[""Marly Andrade""]",Gestora,"[""FCCR"",""Prefeitura SJC""]",junho
Tear (Turma da Manhã),25/06/2025,Reserved_ImageAttachment_[6]_[Cartaz][32]_[43b07e85f98c4be6b33e5d44cbf0db33][1]_[1].jpeg,3,"[""Artes Visuais"",""Artesanato""]",Voluntariado,Não se aplica,Oficina,Arte e Cultura,Falso,Presencial,"[""Márcia Tamer""]",Gestora,"[""FCCR"",""Prefeitura SJC""]",junho
Tear (Turma da Tarde),25/06/2025,Reserved_ImageAttachment_[6]_[Cartaz][32]_[6202e342872041cbad0155be5e1a2a94][1]_[1].jpeg,2,"[""Artes Visuais"",""Artesanato""]",Voluntariado,Não se aplica,Oficina,Arte e Cultura,Falso,Presencial,"[""Márcia Tamer""]",Gestora,"[""FCCR"",""Prefeitura SJC""]",junho
Clube de Leitura,26/06/2025,Reserved_ImageAttachment_[6]_[Cartaz][32]_[8fd9af0af8d2433793a05d480ea816e2][1]_[1].jpeg,13,"[""Literatura""]",Termo de Fomento 2019,Não se aplica,Curso,Incentivo à Leitura,Falso,Presencial,"[""Hellen Santos""]",Gestora,"[""FCCR"",""Prefeitura SJC""]",junho
Costura Poéticas,26/06/2025,Reserved_ImageAttachment_[6]_[Cartaz][32]_[83fb3818e0d0461f9b46b3f793a16fad][1]_[1].jpeg,5,"[""Memórias""]",Termo de Fomento 2019,Arte Nos Bairros,Oficina,Arte e Cultura,Falso,Presencial,"[""Juliana Strzygowski""]",Gestora,"[""FCCR"",""Prefeitura SJC""]",junho
Bordado,27/06/2025,Reserved_ImageAttachment_[6]_[Cartaz][32]_[6c68a4dc7cab4761a9ce9a709bd151e1][1]_[1].jpeg,4,"[""Artesanato""]",Termo de Fomento 2019,Arte Nos Bairros,Oficina,Arte e Cultura,Falso,Presencial,"[""Raquel Wonhrath""]",Gestora,"[""FCCR"",""Prefeitura SJC""]",junho
Cerâmica,27/06/2025,Reserved_ImageAttachment_[6]_[Cartaz][32]_[28a7ce549b594405bd307095ca77e3a2][1]_[1].jpeg,3,"[""Artes Visuais""]",Termo de Fomento 2019,Arte Nos Bairros,Oficina,Arte e Cultura,Falso,Presencial,"[""Misae Odo""]",Gestora,"[""FCCR"",""Prefeitura SJC""]",junho
Lian Gong,27/06/2025,Reserved_ImageAttachment_[6]_[Cartaz][32]_[80c9899093494454b4b83417c80dfe9a][1]_[1].jpeg,4,"[""Saúde Física""]",Termo de Fomento 2019,Não se aplica,Vivência,Arte e Cultura,Falso,Presencial,"[""Andreia e Jaqueline""]",Gestora,"[""FCCR"",""Prefeitura SJC""]",junho
Construção de brinquedos,28/06/2025,Reserved_ImageAttachment_[6]_[Cartaz][32]_[517dc435eede49d6b4bdd9741b1ba042][1]_[1].jpeg,8,"[""Economia Criativa""]",Termo de Fomento 2019,Arte Nos Bairros,Vivência,Arte e Cultura,Falso,Presencial,"[""Vivian Rau""]",Gestora,"[""FCCR"",""Prefeitura SJC""]",junho
Modelagem em argila,28/06/2025,Reserved_ImageAttachment_[6]_[Cartaz][32]_[4568cc6fdddf4dca831535810bad71c3][1]_[1].jpeg,12,"[""Artes Visuais""]",Termo de Fomento 2019,Artes Nos Bairros,Vivência,Arte e Cultura,Falso,Presencial,"[""Mirna Tominaga""]",Gestora,"[""FCCR"",""Prefeitura SJC""]",junho
Tear de pregos,28/06/2025,Reserved_ImageAttachment_[6]_[Cartaz][32]_[50ea890dfda543d4a5d00ef863beff0a][1]_[1].jpeg,12,"[""Artesanato""]",Termo de Fomento 2019,Arte Nos Bairros,Vivência,Arte e Cultura,Falso,Presencial,"[""Mirna Tominaga""]",Gestora,"[""FCCR"",""Prefeitura SJC""]",junho
Bordado,01/07/2025,Reserved_ImageAttachment_[6]_[Cartaz][32]_[bc71f89f13c14945a87dfae9412cd2dd][1]_[1].jpeg,5,"[""Artesanato""]",Termo de Fomento 2019,Artes Nos Bairros,Oficina,Arte e Cultura,Falso,Presencial,"[""Raquel Wonhrath""]",Gestora,"[""FCCR"",""Prefeitura SJC""]",julho
Tear (Turma da Manhã),02/07/2025,Reserved_ImageAttachment_[6]_[Cartaz][32]_[df46903336e34653ad0a4cf97180bdf2][1]_[1].jpeg,3,"[""Artes Visuais"",""Artesanato""]",Voluntariado,Não se aplica,Oficina,Arte e Cultura,Falso,Presencial,"[""Márcia Tamer""]",Gestora,"[""FCCR"",""Prefeitura SJC""]",julho
Tear (Turma da Tarde),02/07/2025,Reserved_ImageAttachment_[6]_[Cartaz][32]_[4a9bac013b604cc9a02447ab16c72ff7][1]_[1].jpeg,4,"[""Artes Visuais"",""Artesanato""]",Voluntariado,Não se aplica,Oficina,Arte e Cultura,Falso,Presencial,"[""Márcia Tamer""]",Gestora,"[""FCCR"",""Prefeitura SJC""]",julho
Costuras Poéticas,03/07/2025,Reserved_ImageAttachment_[6]_[Cartaz][32]_[87614384926a495293dab455d31e488f][1]_[1].jpeg,4,"[""Memórias""]",Termo de Fomento 2019,Arte Nos Bairros,Oficina,Arte e Cultura,Falso,Presencial,"[""Julliana Strzygowski""]",Gestora,"[""FCCR"",""Prefeitura SJC""]",julho
Bordado,04/07/2025,Reserved_ImageAttachment_[6]_[Cartaz][32]_[f7cb1c28d3ce440db2d000b0f9a0f39d][1]_[1].jpeg,5,"[""Artesanato""]",Termo de Fomento 2019,Arte Nos Bairros,Oficina,Arte e Cultura,Falso,Presencial,"[""Raquel Wonhrath""]",Gestora,"[""FCCR"",""Prefeitura SJC""]",julho
Cerâmica,04/07/2025,Reserved_ImageAttachment_[6]_[Cartaz][32]_[7161507b34e846e0a201c1bfca4a200b][1]_[1].jpeg,2,"[""Artes Visuais""]",Termo de Fomento 2019,Artes Nos Bairros,Oficina,Arte e Cultura,Falso,Presencial,"[""Misae Odo""]",Gestora,"[""FCCR"",""Prefeitura SJC""]",julho
Exposição Avoando,04/07/2025,Reserved_ImageAttachment_[6]_[Cartaz][32]_[5072d2f7b798475fa6dd98407d5d7abb][1]_[1].jpeg,162,"[""Artes Visuais""]",Termo de Fomento 2019,Avoando,Evento,Arte e Cultura,Falso,Presencial,"[""Não se aplica""]",Gestora,"[""FCCR"",""Prefeitura SJC""]",julho
Lian Gong,04/07/2025,Reserved_ImageAttachment_[6]_[Cartaz][32]_[4119aa1750534195ae050b6f7f6c0b76][1]_[1].jpeg,5,"[""Artes Visuais""]",Termo de Fomento 2019,Artes Nos Bairros,Vivência,Arte e Cultura,Falso,Presencial,"[""Jaqueline Andreia""]",Gestora,"[""FCCR"",""Prefeitura SJC""]",julho
Arte de brincar,05/07/2025,Reserved_ImageAttachment_[6]_[Cartaz][32]_[151102bc47ce4674bffbe792de35a5ba][1]_[1].jpeg,27,"[""Cultura da Infância""]",Termo de Fomento 2019,Arte Nos Bairros,Oficina,Arte e Cultura,Falso,Presencial,"[""Kallu Whitaker""]",Gestora,"[""FCCR"",""Prefeitura SJC""]",julho
Bordado,08/07/2025,Reserved_ImageAttachment_[6]_[Cartaz][32]_[f63c4535f7ee455080e4c605ee922bcf][1]_[1].jpeg,5,"[""Artesanato""]",Termo de Fomento 2019,Arte Nos Bairros,Oficina,Arte e Cultura,Falso,Presencial,"[""Raquel Whonrath""]",Gestora,"[""FCCR"",""Prefeitura SJC""]",julho
Grupo de Mulheres SFX,08/07/2025,Reserved_ImageAttachment_[6]_[Cartaz][32]_[99b4f50d3bef42b7a3187c64a33dd656][1]_[1].jpeg,6,"[""Artesanato""]",Termo de Fomento 2019,Não se aplica,Encontro,Arte e Cultura,Falso,Presencial,"[""Não se aplica""]",Gestora,"[""FCCR"",""Prefeitura SJC""]",julho
Meditação,08/07/2025,Reserved_ImageAttachment_[6]_[Cartaz][32]_[4cdd2ac689234adfbac71153c6b98749][1]_[1].jpeg,6,"[""Saúde Física""]",Voluntariado,Não se aplica,Oficina,Saúde Física e Bem estar,Falso,Presencial,"[""Márcia Tarmer""]",Gestora,"[""FCCR"",""Prefeitura SJC""]",julho
Tear (Turma da Tarde),10/07/2025,Reserved_ImageAttachment_[6]_[Cartaz][32]_[711bd6c694724b8f8e83559d5b45ad05][1]_[1].jpeg,9,"[""Artes Visuais"",""Artesanato""]",Voluntariado,Não se aplica,Oficina,Arte e Cultura,Falso,Presencial,"[""Márcia Tamer""]",Gestora,"[""FCCR"",""Prefeitura SJC""]",julho
Bordado,11/07/2025,Reserved_ImageAttachment_[6]_[Cartaz][32]_[6808c0384717459fab3246e2cc75ae99][1]_[1].jpeg,3,"[""Artesanato""]",Termo de Fomento 2019,Arte Nos Bairros,Oficina,Arte e Cultura,Falso,Presencial,"[""Raquel Whonrath""]",Gestora,"[""FCCR"",""Prefeitura SJC""]",julho
Lian Gong,11/07/2025,Reserved_ImageAttachment_[6]_[Cartaz][32]_[18af93329b6d41dbb9753a3279a08519][1]_[5].jpeg,5,"[""Saúde Física""]",Termo de Fomento 2019,Parceria com UBS,Vivência,Arte e Cultura,Falso,Presencial,"[""Andreia e Jaqueline""]",Gestora,"[""FCCR"",""Prefeitura SJC"",""UPA/UBS""]",julho
Exposição e sessão de empréstimos: Feira dos produtores ,12/07/2025,Reserved_ImageAttachment_[6]_[Cartaz][32]_[3f2f3463911a4726916181d78e3da4d3][1]_[1].jpg,26,"[""Literatura""]",Termo de Fomento 2019,Não se aplica,Evento,Incentivo à Leitura,Falso,Presencial,"[""Não se aplica""]",Gestora,"[""FCCR"",""Prefeitura SJC"",""Feira dos Produtores""]",julho
Palhaçaria,12/07/2025,Reserved_ImageAttachment_[6]_[Cartaz][32]_[ccccd6700665490f87fa8e0b23a31b04][1]_[1].jpeg,2,"[""Circo""]",Termo de Fomento 2019,Arte Nos Bairros,Vivência,Arte e Cultura,Falso,Presencial,"[""Beatriz Rinaldini""]",Gestora,"[""FCCR"",""Prefeitura SJC""]",julho
Palhaçaria,12/07/2025,Reserved_ImageAttachment_[6]_[Cartaz][32]_[c065d8a8435b4ab3b0c72161e00a6d9a][1]_[1].jpeg,13,"[""Circo""]",Termo de Fomento 2019,Arte Nos Bairros,Oficina,Arte e Cultura,Falso,Presencial,"[""Miguel Safe""]",Gestora,"[""FCCR"",""Prefeitura SJC""]",julho
Bordado,15/07/2025,Reserved_ImageAttachment_[6]_[Cartaz][32]_[e0fe3b31b3134f4282d362edfbfb5e3c][1]_[1].jpeg,5,"[""Artes Visuais""]",Termo de Fomento 2019,Arte Nos Bairros,Vivência,Arte e Cultura,Falso,Presencial,"[""Raquel Whonrath""]",Gestora,"[""FCCR"",""Prefeitura SJC""]",julho
Grupo e mulheres de SFX,15/07/2025,Reserved_ImageAttachment_[6]_[Cartaz][32]_[172ce26d414f435c99219f46352c235a][1]_[1].jpeg,6,"[""Artesanato""]",Termo de Fomento 2019,Não se aplica,Encontro,Arte e Cultura,Falso,Presencial,"[""Não se aplica""]",Gestora,"[""FCCR"",""Prefeitura SJC""]",julho
Tear (Turma da Manhã),16/07/2025,Reserved_ImageAttachment_[6]_[Cartaz][32]_[6c5d882be1fc4c0088dd0dd32c83393d][1]_[1].jpeg,5,"[""Artes Visuais"",""Artesanato""]",Voluntariado,Não se aplica,Oficina,Arte e Cultura,Falso,Presencial,"[""Márcia Tamer""]",Gestora,"[""FCCR"",""Prefeitura SJC""]",julho
Tear (Turma da Tarde),16/07/2025,Reserved_ImageAttachment_[6]_[Cartaz][32]_[31f0eeac5f53482ebcb7641d9c35caf8][1]_[1].jpeg,8,"[""Artes Visuais"",""Artesanato""]",Voluntariado,Não se aplica,Oficina,Arte e Cultura,Falso,Presencial,"[""Márcia Tamer""]",Gestora,"[""FCCR"",""Prefeitura SJC""]",julho
Costuras Poéticas,17/07/2025,Reserved_ImageAttachment_[6]_[Cartaz][32]_[ce526290fe5d41f09b0d36a6f5599180][1]_[1].jpeg,5,"[""Memórias"",""Artesanato""]",Termo de Fomento 2019,Artes Nos Bairros,Vivência,Arte e Cultura,Falso,Presencial,"[""Juliana Machado""]",Gestora,"[""FCCR"",""Prefeitura SJC""]",julho
Bordado,18/07/2025,Reserved_ImageAttachment_[6]_[Cartaz][32]_[8329d6ec1a4746299f2aa54117498555][1]_[1].jpeg,5,"[""Artesanato""]",Termo de Fomento 2019,Arte Nos Bairros,Oficina,Arte e Cultura,Falso,Presencial,"[""Raquel Whonrath""]",Gestora,"[""FCCR"",""Prefeitura SJC""]",julho
CantAutoras,18/07/2025,Reserved_ImageAttachment_[6]_[Cartaz][32]_[96818b542c8b490d86f6aed0cb2f2eec][1]_[1].jpeg,78,"[""Música""]",Termo de Fomento 2019,Artes Nos Bairros,Oficina,Arte e Cultura,Falso,Presencial,"[""Não se aplica""]",Gestora,"[""FCCR"",""Prefeitura SJC""]",julho
Cerâmica,18/07/2025,Reserved_ImageAttachment_[6]_[Cartaz][32]_[e9009809dc9a471ab61071ea8c19de5d][1]_[1].jpeg,3,"[""Artes Visuais""]",Termo de Fomento 2019,Artes Nos Bairros,Oficina,Arte e Cultura,Falso,Presencial,"[""Misae Odo""]",Gestora,"[""FCCR"",""Prefeitura SJC""]",julho
Lian Gong,18/07/2025,Reserved_ImageAttachment_[6]_[Cartaz][32]_[038490f44a2b40809a37e53f71fea865][1]_[5].jpeg,7,"[""Saúde Física""]",Termo de Fomento 2019,Parceria com a UBS,Vivência,Arte e Cultura,Falso,Presencial,"[""Andréia e Jaqueline""]",Gestora,"[""FCCR"",""Prefeitura SJC""]",julho
Pula Fogueira (Exposição),18/07/2025,Reserved_ImageAttachment_[6]_[Cartaz][32]_[8e62979067a0434dafb6d7926edbffb7][1]_[1].jpeg,33,"[""Artes Visuais""]",Termo de Fomento 2019,Festa Julina,Evento,Arte e Cultura,Falso,Presencial,"[""Não se aplica""]",Gestora,"[""FCCR"",""Prefeitura SJC""]",julho
Festa Julina da Comunidade,19/07/2025,Reserved_ImageAttachment_[6]_[Cartaz][32]_[2d77360cc59149b9becde5dda509455c][1]_[1].jpeg,800,"[""Artes Visuais""]",Termo de Fomento 2019,Festa Julina,Evento,Arte e Cultura,Falso,Presencial,"[""Não se aplica""]",Gestora,"[""FCCR"",""Prefeitura SJC""]",julho
Upcycling/ Reutilização,19/07/2025,Reserved_ImageAttachment_[6]_[Cartaz][32]_[829606502d7a498b832d89fede685448][1]_[1].jpeg,6,"[""Economia Criativa""]",Termo de Fomento 2019,Arte Nos Bairros,Vivência,Arte e Cultura,Falso,Presencial,"[""Beatriz Rinaldini""]",Gestora,"[""FCCR"",""Prefeitura SJC""]",julho
Bordado,22/07/2025,Reserved_ImageAttachment_[6]_[Cartaz][32]_[d4b83996e6d144a7ad65a95279718d3e][1]_[1].jpeg,5,"[""Artes Visuais""]",Termo de Fomento 2019,Artes Nos Bairros,Oficina,Arte e Cultura,Falso,Presencial,"[""Raquel Whonrath""]",Gestora,"[""FCCR"",""Prefeitura SJC""]",julho
Grupo de mulheres de SFX,22/07/2025,Reserved_ImageAttachment_[6]_[Cartaz][32]_[06419b9042994f32b0db32a003a38b64][1]_[1].jpeg,7,"[""Artesanato""]",Termo de Fomento 2019,Não se aplica,Encontro,Arte e Cultura,Falso,Presencial,"[""Não se aplica""]",Gestora,"[""FCCR"",""Prefeitura SJC""]",julho
Tear (Turma da Manhã),23/07/2025,Reserved_ImageAttachment_[6]_[Cartaz][32]_[b8d37618feee42f4ba4b24d1b13a89c6][1]_[1].jpeg,2,"[""Artes Visuais"",""Artesanato""]",Voluntariado,Não se aplica,Oficina,Arte e Cultura,Falso,Presencial,"[""Márcia Tamer""]",Gestora,"[""FCCR"",""Prefeitura SJC""]",julho
Tear (Turma da Tarde),23/07/2025,Reserved_ImageAttachment_[6]_[Cartaz][32]_[9a9d7de62dd54dc0b2cae26167e07de8][1]_[1].jpeg,5,"[""Artes Visuais"",""Artesanato""]",Voluntariado,Não se aplica,Oficina,Arte e Cultura,Falso,Presencial,"[""Márcia Tamer""]",Gestora,"[""FCCR"",""Prefeitura SJC""]",julho
Costuras poéticas,24/07/2025,Reserved_ImageAttachment_[6]_[Cartaz][32]_[04b9d611127444458db3f5210dd65848][1]_[1].jpeg,4,"[""Memórias""]",Termo de Fomento 2019,Arte nos Bairros,Oficina,Arte e Cultura,Falso,Presencial,"[""Juliana Machado""]",Gestora,"[""FCCR"",""Prefeitura SJC""]",julho
Cerâmica,25/07/2025,Reserved_ImageAttachment_[6]_[Cartaz][32]_[5d168de9409d49aa857755647a3c30fa][1]_[1].jpeg,2,"[""Artes Visuais""]",Termo de Fomento 2019,Artes Nos Bairros,Oficina,Arte e Cultura,Falso,Presencial,"[""Misae Odo""]",Gestora,"[""FCCR"",""Prefeitura SJC""]",julho
Lian Gong,25/07/2025,Reserved_ImageAttachment_[6]_[Cartaz][32]_[0b3aebab184e4dadad202f3dd36faaed][1]_[1].jpeg,5,"[""Cultura da Paz""]",Termo de Fomento 2019,Parceria com UBS,Vivência,Arte e Cultura,Falso,Presencial,"[""Jaqueline e Andréia""]",Gestora,"[""FCCR"",""Prefeitura SJC""]",julho
Modelagem em argila,26/07/2025,Reserved_ImageAttachment_[6]_[Cartaz][32]_[08af15cc6d24489a87b7aa8e54d31b6d][1]_[1].jpeg,20,"[""Artes Visuais""]",Termo de Fomento 2019,Artes Nos Bairros,Curso,Arte e Cultura,Falso,Presencial,"[""Mirna Tominaga""]",Gestora,"[""FCCR"",""Prefeitura SJC""]",julho
Tear de pregos,26/07/2025,Reserved_ImageAttachment_[6]_[Cartaz][32]_[17c3a3556938416494da2fe5f6fc5a46][1]_[1].jpeg,15,"[""Artesanato""]",Termo de Fomento 2019,Arte Nos Bairros,Oficina,Arte e Cultura,Falso,Presencial,"[""Mirna  Tominaga""]",Gestora,"[""FCCR"",""Prefeitura SJC""]",julho
Bordado,29/07/2025,Reserved_ImageAttachment_[6]_[Cartaz][32]_[7ed4cdf7789040f283b262f9f02b4a92][1]_[1].jpeg,5,"[""Artes Visuais""]",Termo de Fomento 2019,Artes Nos Bairros,Oficina,Arte e Cultura,Falso,Presencial,"[""Raquel Whonrath""]",Gestora,"[""FCCR"",""Prefeitura SJC""]",julho
Comunicação Não Violenta,29/07/2025,Reserved_ImageAttachment_[6]_[Cartaz][32]_[75d04daafade4b9a8182a2b5e5af0419][1]_[1].jpeg,3,"[""Educação""]",Voluntariado,Não se aplica,Oficina,Desenvolvimento pessoal,Falso,Presencial,"[""Carina Grassetto""]",Gestora,"[""FCCR"",""Prefeitura SJC""]",julho
Tear (Turma da Manhã),30/07/2025,Reserved_ImageAttachment_[6]_[Cartaz][32]_[60ef5fdafa1c42e2a048a2a43df68ba4][1]_[1].jpeg,2,"[""Artes Visuais"",""Artesanato""]",Voluntariado,Não se aplica,Oficina,Arte e Cultura,Falso,Presencial,"[""Márcia Tamer""]",Gestora,"[""FCCR"",""Prefeitura SJC""]",julho
Tear (Turma da Tarde),30/07/2025,Reserved_ImageAttachment_[6]_[Cartaz][32]_[3badd4aa4c2d460fbbc3120015db80ef][1]_[1].jpeg,6,"[""Artes Visuais"",""Artesanato""]",Voluntariado,Não se aplica,Oficina,Arte e Cultura,Falso,Presencial,"[""Márcia Tamer""]",Gestora,"[""FCCR"",""Prefeitura SJC""]",julho
Clube de Leitura,31/07/2025,Reserved_ImageAttachment_[6]_[Cartaz][32]_[ecab33aed01743c9b4702757ffd6b27e][1]_[1].jpeg,10,"[""Literatura""]",Termo de Fomento 2019,Não se aplica,Encontro,Incentivo à Leitura,Falso,Presencial,"[""Hellen Santos""]",Gestora,"[""FCCR"",""Prefeitura SJC""]",julho
Onde moram as palavras - Mesa com a escritora Fávia Martins Carvalho,02/06/2025,Reserved_ImageAttachment_[6]_[Cartaz][32]_[4cb4cc0ee36b4e1ca3b6f81437f7d337][1]_[1].jpeg,45,"[""Literatura""]",Elos da Língua – Toda Palavra Lavra,Lei Paulo Gustavo,Curso,Arte e Cultura,Falso,Presencial,"[""Não se aplica""]",Gestora,"[""FCCR"",""Prefeitura SJC""]",junho
Mesa Literária,03/06/2025,Reserved_ImageAttachment_[6]_[Cartaz][32]_[c059afd7b96746f490ef27255e2912f8][1]_[5].jpeg,32,"[""Literatura""]",Elos da Língua – Toda Palavra Lavra,Lei Paulo Gustavo,Evento,Arte e Cultura,Falso,Presencial,"[""Não se aplica""]",Gestora,"[""FCCR"",""Prefeitura SJC""]",junho
Onde moram as palavras - Mesa com o curador do evento e escritor Marcelino Freire,03/06/2025,Reserved_ImageAttachment_[6]_[Cartaz][32]_[33d9ea0965f147cf801d95b6ac4cfa8a][1]_[1].jpeg,46,"[""Literatura""]",Elos da Língua – Toda Palavra Lavra,Lei Paulo Gustavo,Evento,Arte e Cultura,Falso,Presencial,"[""Não se aplica""]",Gestora,"[""FCCR"",""Prefeitura SJC""]",junho
Onde moram as palavras - Mesa com escritor e dramaturgo Paulo Palado,04/06/2025,Reserved_ImageAttachment_[6]_[Cartaz][32]_[e80d1d0242cb4538aa0dcb5cc8114a62][1]_[1].jpeg,20,"[""Literatura""]",Elos da Língua – Toda Palavra Lavra,Lei Paulo Gustavo,Evento,Arte e Cultura,Falso,Presencial,"[""Não se aplica""]",Gestora,"[""FCCR"",""Prefeitura SJC""]",junho
Roda literária,04/06/2025,Reserved_ImageAttachment_[6]_[Cartaz][32]_[ced9122c16384143951fc28f1a3e5e12][1]_[1].jpeg,13,"[""Literatura""]",Elos da Língua – Toda Palavra Lavra,Lei Paulo Gustavo,Evento,Arte e Cultura,Falso,Presencial,"[""NÃO SE APLICA""]",Gestora,"[""FCCR"",""Prefeitura SJC""]",junho
Onde Moram as palavras - Mesa com o escritor Alonso Alvarez,06/06/2025,Reserved_ImageAttachment_[6]_[Cartaz][32]_[7acf3c024d1649918be869a95bbdac3a][1]_[1].jpeg,15,"[""Literatura""]",Elos da Língua – Toda Palavra Lavra,Lei Paulo Gustavo,Evento,Arte e Cultura,Falso,Presencial,"[""Não se aplica""]",Gestora,"[""FCCR"",""Prefeitura SJC""]",junho
